CAN FD;Start us;CAN ID;RRS/RTR;IDE;FDF/r0;BRS;ESI;DLC;DATA
1;1662750837616;173fd9e0;0;1;1;0;1;10;aa4d91213b1dadae9d653bcc2ac8e8a3
0;1662750839119;2da;0;1;0;1;1;5;b5e0d9fdbe
1;1662750843638;f7b630e;;0;1;0;1;15;f473574964992b0f191f9b1a3db3a0e24ab4521ab6518f5959e17ab826c4115a94a8b2b6bc195bee23662a6ad5724ab073ac7539ab7e2b13cc79404b8c374f64
0;1662750846437;1c1;1;1;0;0;0;5;e42a1f2515
1;1662750853251;d3707e8;0;0;0;0;0;13;9aa28e265620e5257e6b2fb27fbba075b7a09c4abceed594a72d56b26d800968
1;1662750858307;10566346;0;0;1;1;0;14;13d2e788aa803a140c6907fbb155108b1b1f6db454150c526fd52bc3c5df8190333968bc3dab123f62e1f8b7699e10f9
0;1662750866296;dc;1;1;1;1;1;7;c1da63e8e49fd0
1;1662750872411;173fd9e0;0;0;1;0;0;13;9ffe3b4a2654408dd0d1a7017093547e9bcd1dc8ba9c4933b05b5377cd623734
0;1662750880710;2da;0;1;0;1;0;3;464008
0;1662750884596;415;1;0;1;0;0;5;29590b541e
0;1662750890819;1c1;;1;1;1;1;7;4f915fe46647a3
0;1662750894209;1c1;;0;1;1;0;7;e97133dfb504f6
0;1662750895512;dc;1;1;1;1;0;6;d5402f055e4c
0;1662750899917;1c1;1;1;1;0;0;3;819e8e
0;1662750908770;1c1;0;1;1;1;1;7;969f75dd00d1bf
0;1662750916548;dc;;1;0;1;1;4;b4340bb4
0;1662750921809;2da;;0;0;1;1;5;88784f5877
0;1662750924831;2da;1;0;0;0;0;3;f9f1ff
1;1662750926202;415;0;0;1;0;1;13;4f08448b3ecd8291f3ec5e60ba52f5fb1c8d8219636ba0584952772253568c53
0;1662750931608;1c1;1;1;0;1;0;6;1fc9ee36c8b4
1;1662750937209;1c1;0;0;1;1;0;9;d6deb41b132c7cecb1c9e123
1;1662750945957;42e;1;1;1;1;0;11;81ac7c2a233136d4089e0a3b9ea6bd39adc6b2fb
0;1662750951303;2da;0;1;1;0;1;4;4e03daf7
1;1662750955831;d3707e8;1;0;0;0;1;15;ad0c3d1ad76b115e2d44ce24a3eac07a272e71ff556f7446e48bd9b5c768aa6d697132918b72249f14af00552aeba45d4bb0ca73fed14f1b9d8a872d1116573c
0;1662750963422;dc;1;1;1;1;0;7;33963ac552d55c
1;1662750964594;10566346;1;1;0;1;1;14;f040776e379f28f727eda1b540a11e1183b8953e39fb7ecfce0db289caa04dcfda547e3f67ed72d6ae39fdcecef4b280
0;1662750969998;dc;0;0;1;1;1;4;07c0f31f
1;1662750977765;f7b630e;1;1;0;0;0;15;b1df61c1f7718305d31fe9a712b06f136a8e102d91294e5bf95ad8321fcb7e9fabf5825f472ebbb11a685ca2c4b1ad2688065a9d6cdca97cada49359c3e5fdcc
0;1662750983812;dc;;1;1;0;1;4;0d991295
0;1662750990293;415;1;1;1;1;0;1;62
1;1662750993005;d3707e8;0;0;1;0;0;9;149e4164cb159790b6f12d81
0;1662750996083;dc;0;0;1;1;1;2;6a90
0;1662751002725;1c1;1;1;1;0;0;7;5c77f03eac021e
1;1662751011196;1c1;;1;0;1;0;10;a6616f23c79f65c3e80c4ad70651b9c6
1;1662751018288;42e;1;0;1;1;1;9;b1f645e48886a6b9dd666455
0;1662751019383;dc;0;0;1;1;1;4;ebb9cb09
1;1662751027570;d3707e8;;0;1;0;0;14;bb956b26d73ce6c42a6eecf021a66587ae75bbc1db29bda7eb233b61668ff49e9e4f1feacb851bad22cd44492d97ca01
1;1662751032369;42e;0;0;1;1;1;13;9d1275fcfc265b4cd1dd260d932d0f18b28b9c37dc78d973826841694b61fbdc
0;1662751034589;42e;;0;0;1;0;8;b7e9cf68da2863d8
1;1662751036361;415;1;1;1;0;0;12;cfe5274edde38443dd25267ff601d84a83ce3b00e45668e7
1;1662751039426;da46ef2;1;0;0;0;1;15;cdd60a29c26ee1434f491f7c3270c927a3f5386c652d3a2af44ef31145deffe87966b29457989c36ea7a89162a5c04150e7be5173abfb805ffcbc475653c7d86
1;1662751044886;2da;;0;0;0;0;12;419ae95ac6b5645a6963f0c1b8b9a51b1a418278ccbb038f
0;1662751049640;415;;1;1;0;0;5;b87147fd91
0;1662751053013;2da;;1;0;0;0;1;ee
1;1662751057198;f7b630e;1;0;0;1;1;14;9695ec5b10e9b569374cd111b1d18512cee031d6e71c3712a5ac7ace3cdb1c8036919e6a39986cab2fcc0f9391b65fb2
0;1662751062248;2da;;1;0;1;0;1;c2
1;1662751069974;42e;1;1;0;1;1;11;a8d07e265c2a3a9d28d4b7d5285627b0d70fe1c4
1;1662751076798;f7b630e;0;0;1;1;0;11;b6ce041b089f9ab0a4170b0b56dd211c27f3d47a
0;1662751080759;2da;1;1;1;1;1;8;fd8ccae2d0f5d7fe
1;1662751087398;10566346;;0;0;1;0;12;58a84ae05a951a3e59df25654db4801f22603a1c4e1e2710
0;1662751095783;2da;1;1;0;1;0;4;d16d1255
1;1662751099062;f7b630e;1;0;1;1;0;15;fc6385267dbaa82299b6815c08666c123446f0e0fceb61332cdc397f25389facc8db90b36c47c76442f3024c44f44cc64ddd7b109e615ce55bad85bf5fac25f0
0;1662751106672;42e;;0;1;1;1;6;a3b9e56963c7
1;1662751114147;f7b630e;0;0;0;0;1;13;9697ec206c0df63f4a0b4fd226b2bd900904111734adfe10ec5a75b288609eb2
0;1662751118536;dc;0;1;0;0;0;8;d4d34ceedbb8b9c7
0;1662751125335;415;1;1;1;0;1;7;c23d7142cef6e4
0;1662751129769;42e;1;1;1;0;1;3;75641a
1;1662751134674;415;;1;1;1;0;10;f8297eb71f2977bc629111d13a868160
1;1662751139501;173fd9e0;0;0;0;0;0;10;8d0eb16b8f196086ccd4e9405da9ecc2
0;1662751144695;1c1;0;0;1;0;0;5;d2bb8de870
0;1662751147882;415;1;0;1;0;0;3;019c82
1;1662751152776;10566346;0;0;0;1;0;14;1694211c181f518bd7e4ed139d71d2228c93147627fdaf88608aef99e68680b57aefef50974ac12e489e71edea3cd032
1;1662751153785;1c1;1;1;0;1;1;12;eee7db3928c0e2419ffeec6e264593c324f02f153b4ed8f1
0;1662751155588;2da;0;0;0;0;0;7;35a5674f75c6b8
1;1662751164064;dc;;0;1;1;0;10;61067a09485916078326ef6e9996810a
1;1662751169029;42e;1;0;1;1;1;10;ae65de542252d79caf9cac0bd27eb45f
1;1662751175340;2da;;1;0;1;1;14;003de9e43ac71a0dd3cc07748822eeff8222923034edbb612fd8c18b80c24fe29a0e5fc9709e49714f6e0b4ec6845069
1;1662751183045;f7b630e;0;1;0;0;1;13;20af390aaaefd553c565e2e09d2edf21f43f43c95f4311616d8ecb265566cf8f
1;1662751187058;10566346;1;1;0;0;1;12;6a1443fd4d675a5dba54ea0d4bd94c7341a0a8ff420cc190
0;1662751189316;42e;1;1;0;0;1;6;d38fbddbe693
0;1662751193425;2da;1;1;1;1;0;7;0e94e7c6c2eac3
0;1662751198944;1c1;1;0;1;0;1;3;9c3be8
1;1662751202271;415;1;0;1;0;0;9;c1f0313254eea12ae1efc213
0;1662751204568;dc;1;0;1;0;0;1;8e
1;1662751207092;10566346;1;0;0;0;0;13;33d36a6bd2c31d86353ddfd26d137d63c8189bd45119851d4c2f6605c0374f4b
1;1662751213454;f7b630e;0;0;0;0;1;15;fcb28bf61f9a4f2c0e4081283c67c2ee33c57141a957631a148ed64dd2eb5bb6496783516ed0f4b1903e3c6e52e604914f86c1812099aab7b61cd16f428b2d95
0;1662751219786;2da;;1;1;0;1;3;040d0f
1;1662751226658;1c1;1;0;0;1;0;11;bb73d61ea6cd211c9496cfd8556c6426013d9059
1;1662751228067;2da;1;0;1;1;0;13;58c6d1a627927792b2ba9bcb6b933b5bbcfd068dc82280cafcab4d42d05aa9ff
1;1662751233953;1c1;1;0;1;1;1;9;999f878f8d55a2cf0fba8062
1;1662751241749;42e;0;1;0;0;0;15;703ce37c6813d5a75682fd2de18ef86852e20c290afb4b00dff7958f00af4213af3a836b43a73da2b410aadbc2c5fcc2a3a9a8ada41ea31444ebbc5cff241e30
0;1662751250070;42e;1;0;1;0;0;6;24023fea64d0
1;1662751253165;173fd9e0;1;0;0;0;1;14;04759005fae3d1fb0ca095af2bf8060936fdb826dd12b1c5b724296dbd5e02fd244a7035df0c9155ba9319bd2185b68e
1;1662751258520;10566346;;0;1;1;1;15;4821cbbcdf4e325791014f2902d11ca6cde39f673681fa681143a61120cf145b386e0b30bd471f7efa8e5229ffc8516330b57e7b0d922e19102c3c72e68bbd38
0;1662751260770;2da;1;0;0;1;1;4;c922e9d7
1;1662751269626;da46ef2;1;0;1;0;0;14;25e421fa06c44469827c4385f14917ff1cc1abd70bc70a66308a7af8207b475b160cd042b2989f247c302d3b2fd98a3e
1;1662751277930;1c1;;0;1;0;1;10;32084daca2f72ad004f9ee8efbc25036
0;1662751282159;415;1;1;1;1;0;1;6d
1;1662751283376;d3707e8;0;1;1;0;1;15;d9021da2c54ef859d1d994296fb859cf07d7c783de0d35e8c4c1899395e6301014029c6664383a79caa0d0ed5426bceaf4f286ef1c92e83ba0ca71755c574af4
1;1662751289559;f7b630e;1;0;1;1;0;12;3158284f9e29ff04ecfef05e87ce1dc5f8910611b73474a3
1;1662751297003;f7b630e;0;1;0;0;1;11;20f92c861b965b8ac667154aab6810103c6c24b7
1;1662751299957;1c1;1;0;0;0;0;11;fed07186717d98154a5708669ae077a0525eed2e
1;1662751306933;f7b630e;0;0;1;1;0;12;507bedcde05f9019876c1eefa272ac9ebd4ca8a024444816
1;1662751311434;42e;1;0;0;1;0;14;7233a48334537c9f9d3c0695d72d13eb14d8e4b2714bd220a96317b2c7dfc70e9c9c318ef72d93c29ac050f5fb87a8a8
0;1662751319163;1c1;0;1;1;1;1;5;154ce22620
0;1662751320302;1c1;0;1;1;1;0;8;3c1d2a9c5bae3fae
1;1662751326496;173fd9e0;1;1;0;0;0;10;cf9dc5d5c9fd2a77114fd31ee828d883
1;1662751330600;173fd9e0;1;1;0;1;1;9;648fc6cf26635234087e0871
1;1662751338925;d3707e8;1;0;1;1;0;11;b30ab99bc9f56676890b201e80a04118af15e552
0;1662751343816;dc;0;1;0;0;0;3;b0878a
1;1662751344990;415;1;0;0;0;1;14;cf286955c1e6ca2583f31a854a18d1cfbd488c898594c2da02b308181405cbd36aaade36e0212a240e30905688e6f860
1;1662751349580;f7b630e;1;1;0;1;1;13;7d347607ef7cc0c2f9b2c34a3159ff14f09cb1f16a22b4d5870cea979908b1a4
0;1662751357656;2da;1;0;0;0;1;2;9c11
1;1662751362905;10566346;;0;0;0;0;13;4b49ac53a7e106b5a5fb4c56b516bab2832101c78aa947a4276972d3647546ef
0;1662751369685;415;1;1;0;0;0;4;f38884fd
0;1662751373320;dc;1;1;0;0;1;3;d31933
1;1662751376633;2da;1;0;0;1;0;11;7c8a4377cc5641d6b1715d4f62e39a617f8fae66
1;1662751384581;415;;0;1;1;1;15;223e73601ff5fd5d2cbd83d105dfa98e55bda1143006c40af7f12d105671ddef895f4976dfac910e19f5ed45834e7041aaa3ec8125fe57b638267c7f4d277128
1;1662751390176;dc;1;0;0;1;0;14;d0585874216948a06120d36ada56a0e53615744c380e42e4c6c1bc23c893dd51f4a7c70335b6110a715df472811a02eb
1;1662751398389;f7b630e;0;0;1;0;1;14;4b09db13412df64bc6333f2aee80407968363ff2875ad08ad71aef340002615cc624132919fb972aa91edf5855a1568f
1;1662751406648;2da;;0;1;0;1;13;6a9d8fdcac734071f686fc467eaf73dc7e968e7a63b7062bdb16a07d0bf1df35
1;1662751412845;1c1;1;1;1;1;0;15;da4abf09c61673dc29861c793160291ecbb12be751be503fabcf79bf4c9db82837708e61072a35687a21cdcfbd94efc0461f31c2c344b7edb465670c65724feb
0;1662751415674;2da;1;0;0;0;0;7;510850eb7d76d2
0;1662751423507;42e;;0;1;1;1;8;8b2f3977416a6043
1;1662751425904;dc;;1;0;0;0;11;040b7021d1f987a1699f8f7d971899203f3244d2
0;1662751429673;2da;1;0;1;0;1;7;bbd0e5b202fa2f
1;1662751436997;415;0;0;0;0;0;13;7b9c96598723ace29de4463bd1e715ba4fb547b3b6f771141b5d576407abc3cf
0;1662751444534;42e;1;0;1;1;1;2;0ba3
1;1662751452794;da46ef2;1;1;0;1;0;14;007038c78587c5a80bef7503b84fb3ff32f983bb110d82e1adc380fe037f5afc8a0ab3917e7991d661e3edec698eca0b
0;1662751459818;2da;;1;1;1;1;5;50a49978f6
1;1662751468519;1c1;1;1;1;0;1;12;ed637d66e2054a405e44e899ab300210c74d93833f125347
1;1662751471720;d3707e8;1;1;1;1;1;14;79b51d2225c761e99c462a76bf1ae1df0a9bad9d9a1ea3ccbbf7417c28d37569da555781570e9f5fc3b706f82cbd018c
1;1662751475431;d3707e8;;1;0;1;1;11;81a1d82e45a32112d0d4cb371740303686c44ff9
0;1662751480563;1c1;1;1;1;0;0;1;b5
0;1662751483825;42e;;1;0;1;0;5;c941f6b3a5
0;1662751485262;dc;0;0;1;1;1;4;23b85da4
0;1662751492205;1c1;0;0;1;1;0;4;06892883
1;1662751496344;1c1;;1;1;1;0;15;182627a885881fcb71f81e483ad60d77c7b9ae5c2ddae5f8d133e3f94dfc2c6cd6f6892b08b18ca1ed18391eb2245ad5248f5a01d0aad7d3bf01f8f9e0247687
1;1662751500969;42e;1;0;0;1;1;15;f81b0e0a1500cfb07e02d943fd5613bf06a701dbe7ddbbbc96a2ff6955941f28e1b1eed097f2273a9b40b1cb628c35ec071d68c30ac6d6af31e052ef78d8b053
0;1662751507073;2da;1;1;1;1;1;5;01f23fc382
0;1662751508871;2da;0;1;0;1;1;2;b5fb
0;1662751512002;42e;1;1;1;1;0;1;6d
1;1662751513047;10566346;0;1;0;0;0;14;fff185b115525bf802aeb92e891112db0828d65da44b893a6c72704de3770703d3c12122e3e1c514cbdb21ae67ee64c3
1;1662751514900;415;0;1;1;0;0;13;3c32968117e2427d07f2a6fff6f510efc13ed1990b52229b71e278566f710780
0;1662751522583;1c1;1;1;0;0;1;2;3173
0;1662751524021;42e;1;1;1;1;0;3;aac310
0;1662751527146;2da;1;0;0;0;0;8;a80940efc59c1c64
0;1662751534593;1c1;;1;0;0;1;8;016c6f690f061189
0;1662751536348;415;0;1;1;1;0;2;5360
0;1662751539321;1c1;0;1;1;1;0;6;f895af35677d
1;1662751545727;2da;;1;0;1;0;13;8d0069bd01ecc9d34a7f6ffbfb5001c37b088a4fa9728a86e9bcf15117383cc2
1;1662751552002;10566346;0;0;0;1;0;13;aba63e124df6fa723ddff92d0a4a4da6a278abebea59807717e7be6982f4bc63
0;1662751558449;dc;0;1;0;0;1;4;4a595123
1;1662751560482;d3707e8;1;0;0;1;0;11;55aaab71cb99ffda3b5b73a1cfab83f2a1a5f603
0;1662751561678;dc;1;0;1;1;0;2;16ed
1;1662751567403;da46ef2;;1;0;0;0;10;a6d26fdd494f1d3fcdca8599aef5f0f8
1;1662751573850;42e;1;1;0;1;0;12;9f7591d4007f22cb4cc2a945ea6576b6a84ac217e60e6b3d
1;1662751582071;dc;0;0;1;0;0;13;bcc7e76a5d47bbaa4079a8790a0152844c5700bafde285e4a92243de19ab4d42
0;1662751586405;dc;0;1;0;1;0;4;0a3f43bc
1;1662751587424;415;;0;0;1;0;12;84a9cdee7e57c37c7272fd1b6bb47c55fb6fd8492cc8df4a
0;1662751593006;dc;1;1;1;0;0;7;2e2c52f8d72346
0;1662751594689;415;0;1;1;1;1;3;d29f62
1;1662751598413;f7b630e;1;1;1;1;0;11;9a1445ccb788e614b9625be6740f0c5314969623
1;1662751604997;da46ef2;1;0;0;1;0;9;e21680666bf3c217df44d12c
1;1662751610918;da46ef2;1;0;1;0;1;9;a5bd0ab8aa548cf49e65726f
1;1662751615120;dc;1;1;0;1;0;15;f121f7922cc9426f57533657ee9d854302c23ae796f51c5b7fef42b1b09e7910ce0e485e83c882ec01f7d9ce7359ab6942e989db32541b608071c2ce9c6f37d6
1;1662751619965;da46ef2;;0;1;0;0;14;b5d601332bdb65b3386ed4b69c1342f18661d21afeaec0769c55cd607d2b9dac9a4520f76a06f850efcef183c7f0d2a8
1;1662751622413;2da;;0;0;0;0;9;2e29aef7b236ac38895eb2d7
0;1662751627158;1c1;0;1;1;0;1;1;bd
1;1662751629165;173fd9e0;1;0;1;0;0;10;2665626b6d7300fa94dd507159217bae
0;1662751631670;1c1;1;0;1;0;1;4;f0b8bc69
0;1662751638605;415;1;0;1;1;0;7;98ed786642b2c6
0;1662751641071;415;;1;1;1;1;3;056c03
1;1662751642857;f7b630e;;1;0;0;0;14;1a4edb246480aeac9a84e9a8eebbfcaf4c45e31bf517276f38d8971e5ee4779b8d3498f8b83b3d1980a88e53986cf305
0;1662751647183;dc;0;0;0;1;0;6;81108255784c
0;1662751653714;42e;1;0;0;0;0;6;85743fc68669
1;1662751662452;f7b630e;;1;1;0;0;13;6751002456329912c862a53ff124b510e52d393e2ea3878193dd6ebf2b830fba
0;1662751669781;415;0;0;1;1;1;5;9bce31eb04
1;1662751671225;dc;1;0;1;1;0;10;995d31fcc277c2c5a7347be7a02e162e
0;1662751677510;415;1;1;1;0;1;5;a272511d9c
0;1662751682156;2da;1;1;1;0;0;5;805d3b337e
0;1662751688941;2da;1;1;1;1;0;3;53472b
1;1662751690409;42e;0;1;1;0;1;12;f2cdad02e1966cf6e788b85cf73f0f51445fdec9f50c42ac
1;1662751697195;173fd9e0;1;1;1;1;0;15;f9b521a20112da38b74fbb992f37a74784887302371592c6b56fde2f7356caedf6403e51816aea073865de14279a68e12a8ba1adfc5e1afc3c43f2cdb4f87fd8
1;1662751698438;da46ef2;1;1;1;1;0;14;34f4ef96ae5342da9027ac7d5b583c0c94ddcb5e7beba2e96dc023b88d52a58797174cc9397c771f50fe9f9370b09a70
0;1662751701059;2da;;0;0;0;0;3;2bb2f6
0;1662751707243;1c1;;0;0;1;0;6;412fee963d9a
1;1662751709637;2da;;1;1;0;0;10;357f5b6f452da00bf976a6dc35760552
0;1662751717824;415;1;1;1;1;1;4;176378c8
0;1662751722952;415;;1;1;0;1;8;7c0f3e8db337300e
1;1662751724852;415;0;1;0;0;0;10;c35edb4495c05738284ca2a658785465
1;1662751733781;dc;;1;0;0;0;13;d312dd54fb197cfe7ad21a41144568e99ab83298035850dac6b66c00cf5332e2
1;1662751739149;415;0;0;0;0;0;9;745fb6e3e6a23b8cfe1970c3
1;1662751742662;42e;0;0;1;0;0;11;3f1681355309830693e96fc964f47becce9a6105
0;1662751747850;dc;1;1;0;1;1;6;dcd380f60bf8
1;1662751749784;2da;;1;0;1;0;13;75c0838251732734a5c1e93deef795827577f372762de6450b4d73a6b3cea9d7
1;1662751756179;415;0;1;0;1;1;13;c0c42e46a2fb62f8c4b712b7a660b9dcdeb9d021bc652695fde68a2818610d6e
1;1662751758027;10566346;1;0;0;0;0;9;4810b1eb8fbde02747163faf
1;1662751765094;dc;0;1;1;0;1;10;12fedcbaabf0365c15dc47ad96e6c969
1;1662751769892;42e;1;1;1;1;0;9;34f4501ce62e5e4db425b7f3
0;1662751774781;1c1;0;0;0;1;0;2;3418
1;1662751776831;2da;;0;0;1;1;10;c82dc6e0c4fa5adc13952ec0624ee737
1;1662751784898;415;1;0;0;0;1;13;3653a1e0071169a9623bf01a97d301a533f3750278beee37b44fd2a16ebc200f
1;1662751788711;f7b630e;1;1;0;0;1;14;122948aa6f023951d632ab2e9c5450dc56001b2df683c5d11ef6cfa81a200f3272f845f410f142eebba0400d57b97f69
0;1662751792011;dc;1;1;1;0;1;8;1c6ab37bab0737c8
0;1662751795202;1c1;0;0;1;0;0;1;2d
0;1662751802803;2da;0;0;1;1;0;7;4a723953064342
0;1662751806201;dc;;1;0;0;1;7;7ee98e9a85a58f
0;1662751811557;1c1;1;0;0;0;0;3;b44359
0;1662751813922;1c1;1;1;0;0;0;1;74
1;1662751820792;173fd9e0;1;1;1;0;1;10;bfd0a2f0c6cc53c0a45f310b96a4e241
0;1662751827447;42e;;0;1;1;0;8;dc6455a514fca1be
0;1662751833098;1c1;1;0;1;1;1;2;e3c9
1;1662751839204;173fd9e0;;1;0;1;0;11;077fcb26a7dcabde1b212bf7c9bf78536df6caf0
0;1662751841315;42e;1;0;0;1;0;6;c84bf4f9b600
0;1662751849693;dc;1;0;0;1;1;3;adb849
0;1662751854923;dc;0;1;0;0;1;8;e5ec070183858f77
1;1662751856445;1c1;1;0;1;1;1;14;694a5cae46233741591c9f722d01082a2f1edcd67f6018010f74eda6d457ecf64d7b12b25a1fd4dd5abdc6e1d60be8c2
0;1662751860017;2da;1;0;1;1;1;8;c06f99682a620c84
1;1662751861992;10566346;1;1;0;1;0;15;5d67e49cb5e471a2c4ab55f5b8beb0e9b3171a01d179b9272999ec42c18521017a55e65e977073bee8df76eaff812dbc51a741cd3c22d8fbcc72f242c2f7a09a
0;1662751868034;1c1;0;0;1;0;0;2;e122
1;1662751871945;1c1;0;0;0;0;1;11;8c39ff0384ee54104c89bba430cb62626f30f003
0;1662751873083;42e;0;0;0;1;1;6;e848eba64d5d
0;1662751880491;dc;1;1;1;1;1;5;e93bc33502
1;1662751888667;42e;0;0;1;1;1;10;cef066cbe3766521efa4dbd172fc574c
0;1662751891423;415;0;1;1;1;0;2;c3e9
0;1662751895805;415;1;0;0;1;0;1;3a
1;1662751897664;f7b630e;0;1;1;1;1;15;5608a8bed9f7de7fce321cfb69ba410eeeda0a91c85516734169821362dddc807b3085e323157c21183219dbff90c26ad16eb7f2c62bdfb8a43a85295935d143
0;1662751905344;dc;;1;1;1;0;2;848c
1;1662751909298;415;;1;1;0;0;14;de9b70cc177c326a43bc087985cf541afa5c0b8d9b580f7d5390e7a10bd74ae04271bdda1b4c54abf9de17b24f8e5b85
0;1662751917247;dc;1;0;1;0;0;7;d52e9e6aa2920a
1;1662751919594;2da;1;0;1;1;1;12;1ce4589a9c271e871bdafd789e8d7213bae4aaa49e5ca1c6
0;1662751927173;2da;1;0;1;1;0;1;c5
1;1662751930384;2da;1;1;0;1;0;12;4e69cc9e01832d141f836b2acae5c71771c83a51534972af
0;1662751937358;42e;1;1;1;0;1;3;952784
0;1662751940189;1c1;0;0;0;1;1;1;e1
0;1662751941237;415;1;1;1;1;1;5;d70095e511
0;1662751942380;2da;1;1;0;1;0;5;16de1b137d
0;1662751951300;42e;1;1;0;1;1;3;72ce50
1;1662751956551;173fd9e0;1;1;0;0;1;10;80ed8d1e5307eeaf2f50faf5c67ab58f
0;1662751960315;415;;0;1;1;0;1;23
0;1662751969162;2da;;0;1;0;1;5;2da1230eac
1;1662751973235;10566346;1;1;1;0;1;15;22163dda9f860a75beea63347a1043528d46db0b2258fdce0bb0f28d1fa0ceb1c8a915abfe014d9fafcbb8439894f98f818d10269e1af166b78b8db2a5aadd64
0;1662751979235;415;0;1;1;0;0;1;7c
0;1662751987262;2da;1;1;1;0;0;5;49e2f1ba1b
0;1662751991623;1c1;0;0;1;1;0;4;0b5cce94
1;1662751995747;42e;1;1;0;0;1;13;c0c2ebf40bf61429b34848e6ddbe616db8d1e60115f896da47e090906dac0a7f
0;1662752001772;415;1;1;1;0;0;1;bd
0;1662752005547;dc;;0;1;0;0;7;03550f3184c4ae
0;1662752012152;dc;1;0;1;1;1;2;7a02
0;1662752018325;2da;;0;0;0;1;3;f6e9bd
1;1662752023819;dc;;1;1;1;1;15;ec20cae46e82fe31fa0bc4bde069d5ef9c7c06f01c8e73ff2673df68e76efc180fd51b6983558ffba894d9dc9da77f0b778de6354d78933ca4d7d6a2137aee21
0;1662752026565;1c1;1;0;0;1;0;4;f3f1d639
1;1662752029690;10566346;;0;0;1;1;12;88b15efb49e96f587635643e9c5dd750c0bbdacd36640112
1;1662752033376;f7b630e;1;1;1;0;0;10;ded54ce5cae13bfe902d4ed78e61ee92
1;1662752036125;173fd9e0;0;0;0;1;1;14;1f7028677bec2b6a33c7ae38d3137310f85160b8c99acf7b1c2228923cd495af37b046fef1fee57592146a40e5d13beb
1;1662752038100;d3707e8;1;1;0;1;1;15;1650220288c040e729eead64d2789aedd4008b63c6e5cb050ca8e810744a4cf6b35252c27132df6e5ce43d6e319b3487224f1feb5f976926b088264cfc96472c
1;1662752045211;1c1;0;1;0;0;1;13;d174e0a9f50e1658e0488dbbe9a280d4b6f637bd8697e7eaac449864342697d8
1;1662752046594;415;;1;0;0;0;15;a150e084133604102c559d8f5be10e01e1670ebc59956dd4c7213aaf0d371090668fb4ccd37f32d6deff68bc28b1362322f6484f53105e0b53d4face7b26f930
0;1662752051591;42e;1;0;0;0;0;4;3696adb1
1;1662752052610;42e;;1;0;0;0;9;b313611e35e7571c89dd40ec
1;1662752056827;42e;1;0;1;0;0;13;1609419c8c6fccf531e700ad1a02a46e7a20209c1a208d90a5421c14a658f07a
1;1662752058530;2da;1;1;1;1;1;14;508cef5576eea963ee201325f2129820d9ac0df38d40fdfa73dbe667fe57d454ea96f8cfa349aa7954ba088b5c50208d
1;1662752062674;173fd9e0;;0;1;1;0;10;fdf39822a354f83219635a23c981ee58
1;1662752065465;d3707e8;1;1;1;0;1;9;ca90c8bc7dfd642e5f25e986
1;1662752072199;d3707e8;1;0;1;0;1;12;750d7613198adb058f34229507c583b278fb386151b9b8b3
1;1662752075383;da46ef2;1;1;0;1;1;10;61c847d87ba57b4178ff50f35ac6cf7c
1;1662752080031;2da;1;0;1;0;1;13;1bccca55da94336b4e2e20f19823be4b9de9a45374d505a65a4d8ca67b2cd61f
1;1662752083076;1c1;1;0;1;0;1;15;1b6ce5478c54020dfe0d2378ffa03e01aa124e2bd24e72f8d61376bbee27bb2185b6c6a96dac4635aab6250438fea1784db880427dad13fa0e1e0c61f2d16c2d
1;1662752091772;10566346;1;1;0;1;1;14;de280805e782cbb8b9f024b3cab107ad6b9fc68f20dae94f87a19ba2ef6729381e3543d054ee415a25116b2b00e5a795
1;1662752097626;415;1;0;0;1;1;13;a7d44476b21ddf50967ecbb1aae5c5c9b452aabf379ab566585231f4459638b9
0;1662752101832;dc;1;1;0;1;0;8;e04c9bff1b655411
1;1662752108142;1c1;;0;0;0;1;13;0dfa26d90251617ce181d349d535bd39580f6b96fecf1e10bad2f6e11047eec4
0;1662752116034;415;0;0;1;0;1;1;5f
1;1662752121408;10566346;;1;0;1;1;10;3762f44d55a2cc882f46dbb3ef77b06a
1;1662752126063;42e;1;1;0;1;1;10;62f0ebd51a0053f938aba33df31f114e
1;1662752127245;2da;;0;1;1;1;13;225e23061d741958979bf34650799a352fd779b277a17b383c1718f29410b1cb
0;1662752135317;415;0;1;1;0;0;3;cae7ff
0;1662752141343;2da;;1;1;0;0;4;4f97b46a
0;1662752142990;1c1;0;0;1;0;1;8;f7a3a871ac0ef1fc
1;1662752151545;f7b630e;1;1;1;1;0;9;1c366444455b80c22ef1bfa7
1;1662752153970;dc;0;0;1;1;0;9;020befa55c74f435919363d7
1;1662752156644;f7b630e;0;0;1;0;1;11;33228c8dc920f6f858693fbc31b0a3ef3f8bbb80
0;1662752160281;2da;0;1;1;0;0;5;d2ed08172b
0;1662752163822;1c1;0;0;0;1;0;3;ef91c2
0;1662752169673;1c1;1;1;0;1;0;1;7f
0;1662752171024;42e;1;1;1;0;0;4;579ef961
1;1662752172447;415;1;0;1;1;0;13;f89bf86ce3667bb0463cea42599cf04df44422d3e60fc9462d111db9d4981ea9
1;1662752178976;42e;1;1;1;1;1;10;246a67149f513d3381d69a2151f34218
0;1662752181443;dc;1;1;0;1;0;1;56
0;1662752189084;415;0;1;1;1;1;8;a493d57d1c65be39
0;1662752195593;1c1;1;0;0;0;1;5;0b64806f21
1;1662752198668;f7b630e;0;0;0;1;1;13;1bef700b10b4ba037f34aec4b413a0027bea3e93e25e0ce75358657c2dc4c8b6
1;1662752199774;415;1;1;1;0;0;15;f3820264df4239431765b23660414166574ab8e169119d0399072e4c328919b562625ad81b783405c0259b1783e74a68bd60dcef2417a0adfffe0c2f2d3183ac
0;1662752205507;415;1;1;0;1;1;5;1eb709042c
1;1662752214247;dc;1;0;0;1;0;13;45c52c603c49bf70c7780ec1f3d82fc5c0a74777370e866df2e508f8c36f772c
1;1662752217777;da46ef2;1;0;1;0;1;10;01d5d32912225860f6369562cad05457
1;1662752225680;d3707e8;0;0;1;1;1;13;41baecb4058ac06d141054664ca2e32d37a6418c4140a473c01d21ea2ef9658a
0;1662752233249;415;;1;1;1;0;2;c9e4
1;1662752240109;da46ef2;1;0;0;0;1;10;1c54c48e124b3407c151013a8bd5a826
1;1662752241698;42e;1;0;0;0;0;13;627f66652bbe4dbff51c6cec29edaec36d0a2b32a230fe048775f49eb4170cca
0;1662752249455;42e;1;1;1;0;1;6;1a1c1b27209e
1;1662752252132;10566346;1;0;0;0;0;13;65fd4146ecb56d8ba55000fa1e44594a11d87583e2d04c65bc793a19a84267d2
0;1662752253391;dc;0;1;0;1;0;3;3d5bb9
1;1662752255885;173fd9e0;;1;1;1;1;13;06feec58f90be8de23d921f4e7bd4b3f5df3c5998718a9bec6ee61c03e8fb371
1;1662752257610;d3707e8;1;1;1;1;1;13;87b3690e72dee708e3ed0ca93295ef90b8468d079c89d868e056b4d8395bb827
1;1662752261969;f7b630e;;0;1;1;0;12;0a3fa25f72a62c790a9928f127d3002323943476ce48a7c9
1;1662752264911;dc;;1;0;0;1;14;88525024261ae1ad33894a92e9696ef003dd1e460a53a04ec38dfefa2bacaf59048090ab33a03ce7f3cea87c6896b62a
0;1662752271685;dc;0;1;1;0;1;4;53e87f54
1;1662752273937;da46ef2;1;1;0;1;0;10;6cd108a422d632ec8d746d36a2d93567
1;1662752281950;da46ef2;0;0;1;0;1;10;72d3cda2434d93474f753d7a31a8a00c
0;1662752290014;415;0;1;0;1;1;1;c6
1;1662752295834;d3707e8;;0;1;0;0;11;2510c873d9100f6f8af84983b5cd624d54fec5c5
1;1662752303616;dc;0;0;0;1;0;10;bd2be7716c6da97400350c4c0dc9a148
1;1662752309277;2da;1;0;0;1;0;13;9576ccb772877a95cc3ac4b94081da6b8e5f968795bdedd335177f8500d04de8
1;1662752310677;f7b630e;1;1;1;1;1;13;3c43749d207e198ea73f2a475f955da9e8044ba0ce6ff5e05c930f41ec845d86
0;1662752311899;415;0;0;0;0;1;6;b4ee289558ca
1;1662752316026;d3707e8;1;1;1;0;1;13;0977b98cbdfae23e205f7c5cb6617299191241ddee2b6973fd782a588ed20aa5
1;1662752320269;173fd9e0;;1;0;0;1;12;b94ea5d9dcf4db7412702a45da0481825e6ee80afa61e6d4
1;1662752323481;2da;1;0;1;1;1;15;d0c4e84d3ef9b04366f12b9e107dca07e8ed8212bb1630b06cd10bdd79513d50f50b03c0f198c2c10449e8fcfb3bd2be22c2521673fa6634e12f074d7b56fb84
1;1662752329101;42e;;1;1;1;1;15;8d027883a85e4aec7b5d102d3a0ccc920e485d4140d34b09f34137fa2ff29f1bf85e12b981fb8a25bddd57596407fc82aacbfcd84d3ebd4198701e4e93fc2ce7
0;1662752337049;2da;;1;0;1;0;1;6f
0;1662752344000;2da;0;0;0;1;0;7;2e6e15117a1eee
0;1662752347804;dc;1;1;1;0;0;8;29f90793b754dadf
1;1662752355029;2da;;1;0;1;0;11;44ca3aacba685dcc4f3f382b2f750eeb1a1df368
1;1662752358915;d3707e8;1;1;0;0;0;13;78b80f28c56c4e8979b27e72a4538cf15ed77b7b7887552076fb17cf131ec150
0;1662752364740;dc;1;0;1;1;0;6;c37ae51ac3dc
1;1662752372807;42e;1;1;1;1;1;10;99033c61674af45c9f973bc57afcd0d4
0;1662752377150;dc;1;1;1;1;0;7;ac17ab49adf227
0;1662752384647;1c1;1;1;0;0;1;2;9efa
1;1662752388729;415;1;0;0;1;1;9;4e4695b8c99916ae47e058fb
1;1662752393714;10566346;;1;1;0;0;13;750f66885163b4223cfbac97f42bd63bf284e151b32af723dd219db13d2d9272
0;1662752399625;42e;1;0;1;0;0;5;c6d5464348
1;1662752408211;173fd9e0;1;1;0;0;1;10;3e8e9f13b88e527237c75541cade1151
1;1662752412738;f7b630e;1;0;0;1;1;15;2aa3b8a1df8f0448b6db099c0d70aeda44865db16895805af35d24b71be4c93c050990e924ef3e10a5e7675db42652bf47c7d3eb9c6f4d87360e4a3e6f44847e
1;1662752419719;1c1;1;1;1;1;0;12;68579a643f68b43b96c009e1512b2cff971550faa80c6291
1;1662752420968;d3707e8;;0;0;0;0;14;29d9701f04078db83663d1f25765401d99b6cf6a8c9071335f9455c2886907f38264f33e70d8c3a6c2528f7472e9a950
1;1662752426496;415;;1;0;1;1;12;fe563ace66974454d62f947bafa1008468927d2ab0e436e5
1;1662752428355;2da;;1;0;1;0;15;33a36b05fb78468b19dc1fbfb0b6c7a293b0f9714d38ebb94f486a901ef89e14cebd84fd2968a0744e74ac731af1c6f7550d3e73937f4aced19f0460f557854e
1;1662752435327;415;0;1;1;1;1;11;926828342ac50f87ad7d34d974ad65f87a4d8850
0;1662752440595;dc;0;1;1;0;0;5;9cc387276b
0;1662752442003;dc;0;0;0;1;0;3;048065
0;1662752448527;1c1;1;1;0;1;1;1;27
1;1662752453918;f7b630e;0;1;0;0;1;14;23e2413a84933bc6f1d9b10ca530aab100a416f30d07cb52361a097f3a76533056dc96297492054bc43ed790299c6946
0;1662752456993;2da;;0;1;1;1;4;d96ce9b4
0;1662752461663;2da;0;0;1;1;1;1;3d
1;1662752469457;1c1;1;0;0;0;1;13;c6b7765946ecf6c35763d7b4fbbd4a696dcc65947188b8cfa2139bedcd3da046
1;1662752471636;da46ef2;1;1;0;1;1;14;2f666fa7ad3780521b59a7f1f0cda0432028e011aeb9fb5617569c2605cb233aac040693f86fe649ab8dabcaa117ad74
1;1662752472927;415;;0;1;1;0;11;f08c10aba264c249824a863e3fc0c443ae16530f
0;1662752476913;dc;1;0;1;1;1;6;53b0e007f67e
1;1662752480432;da46ef2;;0;0;1;0;11;f03f5fffa99edc9b0aca8e7762351869d4656185
1;1662752483423;da46ef2;1;0;1;0;0;10;eb204c7815336641cc44be5a91440aab
1;1662752491306;42e;0;0;1;1;1;12;30c632cb1c2cef7a980ee13c5e8cf1276eb5b3dbf1951349
1;1662752499511;f7b630e;;0;0;0;0;10;73ed1905df2491e937127d1af53e1439
0;1662752502245;2da;1;1;1;0;0;1;a6
1;1662752510842;415;1;0;1;0;1;14;ad85ffa3c1b4ef8743cf962b61e36b4cadc7fa8c6ca2cf13ec0e8ea09e04726caa6f350133dfbff172d3a44760d61bf3
0;1662752515966;415;0;1;1;0;0;5;5b9d37f81e
0;1662752516984;415;0;0;0;1;1;5;0d17d21f2f
1;1662752520057;d3707e8;;0;1;1;0;15;ee845c0630d3421d25928ffe8ee9e1ca45deb14e399440acb5fa6fe332cedea296b3365a2b21eab3b2ee21d4030acd17f79e4440a7163b4abcacae1644bf3bf8
1;1662752525994;d3707e8;1;1;1;0;1;14;46fd104bd65fae86f42e88159a5d494660d181821e71e83a8b07823820dcf18141cf365430ce9bf852d5d6af44c9e921
1;1662752532563;2da;;1;0;1;1;15;f6c46f38254f587d8f7f903500c919530a56604a0fe2fce8c3344c0e712f48c9f29ac9f0bd3ffc69d876ba6fcbb95b3e595689ec4be34ba06834ab76efb70337
0;1662752541316;dc;0;1;1;0;1;3;afbc87
0;1662752543119;2da;0;0;1;0;1;7;961b5c311838bd
0;1662752550235;415;0;0;1;0;0;7;3d508133f06eab
0;1662752557721;415;1;0;0;0;0;4;ddb4f86b
0;1662752563067;415;;1;0;1;0;4;f3969657
0;1662752565698;415;1;1;0;0;1;5;eae72727de
0;1662752573132;2da;0;0;1;0;0;3;c16e00
1;1662752579060;42e;1;0;1;0;0;14;077b616bffb64a7093ab94d7553d93af794e6ee282e0247ec4f26daa83543ba72093c4e971903bd6089a9faafec4f693
1;1662752580548;10566346;0;0;0;1;1;13;af63cf31f9249d47162ebecdf368a9f3885c0a98978e1a8841955271d69ee5d4
1;1662752589196;42e;0;1;1;0;1;15;2cf63a3ae96795b4febf4979f46136ff151662588e028adb480c2e3b16d9f989477bfc43b4485fac849155b37f1ea2a610d247668ad427abe6ac98916000dfe5
0;1662752594341;42e;1;1;0;1;1;3;218915
1;1662752601817;10566346;1;0;0;0;0;13;baa69f5426a229618278ffc9f44708a45a69f952f6f5a5881718320c68fc2292
1;1662752602820;415;1;1;0;1;1;11;40899c36becd8a34590bdcb8a63da58e113ce13f
1;1662752611128;173fd9e0;;0;1;1;0;11;dc5c6b9b501914614127c825a7616e1a4a182d35
0;1662752614839;2da;1;1;1;0;1;7;36fa8e7c039c5f
0;1662752618545;2da;;0;1;1;1;6;1a9911a4e034
0;1662752622352;42e;0;0;0;0;1;6;8b5e673595c1
0;1662752625600;1c1;1;0;0;1;0;8;82018ed9f61b6e2a
0;1662752627873;1c1;;1;0;1;1;3;5a6dd7
0;1662752636773;2da;0;1;0;1;1;5;f83d1de3e4
1;1662752645246;173fd9e0;1;1;1;0;0;15;d48068944914e74e9aedd3e83ef536b8403efa5cd06d04addc3962f92b3e20e540a4c22de84fc99f69f8dec2853f172792f2618dfa4a6cbe8678c0dd38d24b78
1;1662752647243;da46ef2;;0;1;1;0;9;0a8a00722b1bc308cbde3473
1;1662752655330;173fd9e0;;1;1;1;0;12;f2ba2e094a8a1f1143d424acf33d576397780ae58c9183db
1;1662752661824;2da;1;1;1;1;0;13;80263e992da1d63d89da997679b159203fc482a1dab84ec189242741817b390a
1;1662752667052;10566346;;1;1;0;0;14;36a4344f12155340aa768f76e63ab6b39f9c68df54f1c5ea74d8e6c3f603a6f2a0da09565e0fe41740a9e8380e54a791
1;1662752669772;1c1;0;1;0;0;1;9;db4791f697a169b0df85aee1
1;1662752675193;1c1;0;1;0;0;1;14;1b7486287deacaab1e50ecbadad828f9a10148df1f2596d2bf0d20e41aad5b553bc505d59ab2c35918d26cda2e603746
0;1662752681363;2da;0;1;1;0;0;6;74cc380f5a60
1;1662752683216;2da;;1;0;0;1;11;cc8232266aa63493d6238d285e58742ba81a327a
1;1662752692095;2da;1;0;0;0;0;13;9321c54932d605e29123edc59fd621ecb965e7f0f38da4fdab75c63ba5dc6808
1;1662752697869;173fd9e0;1;0;0;0;0;15;2e975e2bbb09aee06666f2ab90dc7cade143c25ce36ca26dc3b3d89e2754989006d67a5bb3f5b5ce4acd55d062977a2649367ff5b9a9eacf95fa8b9b4d67c663
0;1662752699873;2da;1;0;1;0;0;2;f551
0;1662752707093;42e;0;0;1;1;1;5;d920f8ca96
1;1662752711170;f7b630e;;1;0;0;0;9;22e6be65be8ecf3da491917c
1;1662752718234;42e;1;1;1;1;0;10;1569017cdad7c2b9911934d577b9a269
0;1662752722926;dc;1;1;0;0;1;6;ce6636e44f31
0;1662752727839;dc;;1;1;0;1;8;af406ef958eb859b
1;1662752729862;2da;;1;0;0;0;15;17d03d78ffe58d9efad5c86744ad4b6a83e61cd347d5e40d386fcb08c24794a44c768ccdc3bce9a9752b25fe04cc6b050dbb25be866560e32bdc93b2e49150c2
0;1662752735708;2da;;1;0;1;1;2;04bd
1;1662752740415;2da;;1;1;1;0;11;b96da75b59671d10031f60a2f595735587c1740e
0;1662752746044;42e;;0;0;1;1;2;f344
0;1662752749816;1c1;1;0;1;1;0;4;cbf52e14
1;1662752751824;da46ef2;1;1;1;1;0;11;99ab8121208b8e0f4a9cfcb1790bdad02eebf3ea
1;1662752757812;42e;1;0;0;1;0;10;0dcb78ea323716c1a89c9b6977e97464
1;1662752763416;da46ef2;1;0;0;1;0;13;6262159953f49df6755554b3636071ca44ee1fcf120afe01c571433f3957b07f
0;1662752765423;1c1;1;1;0;1;1;1;a7
0;1662752769368;42e;1;1;0;0;0;2;6d68
1;1662752771328;f7b630e;1;0;0;1;1;11;07699fcaa91243a596c007d7b0f0538c1115463f
1;1662752779873;1c1;1;0;1;0;1;9;25fa59ef39d02d1f6b43250f
1;1662752784318;1c1;0;0;1;0;1;11;a821e674c78fada1fc294af89573cd47b6d2122e
0;1662752793200;2da;1;0;1;1;1;2;ab33
1;1662752799233;42e;;0;0;1;0;10;89b2292e8bd8f84f4923b9b1f0da16c3
1;1662752807992;1c1;1;1;0;1;0;14;704704619e4f5f6502985dec38b7a82d8bd2e16822de114131b53ab98268c7fcc46b7e36710933eff30d4a8528730e2d
1;1662752811826;da46ef2;1;1;1;1;1;9;11072a70994b18f0d0ca9fd2
0;1662752815919;42e;1;1;0;0;0;7;a66def904a1ce3
0;1662752819360;2da;1;0;1;0;0;1;2e
1;1662752821809;1c1;1;1;0;1;1;9;7151e8d8ab2145094c4dc6cb
0;1662752827532;42e;1;1;0;1;0;7;4c9942cd49fd31
1;1662752836345;173fd9e0;;1;1;1;1;10;1e568b221b08f207e8e13dc73a968d73
0;1662752843869;415;;0;1;1;1;2;b451
1;1662752850882;2da;1;1;0;1;0;10;6a071d86130aa5ce61b6d18714156783
1;1662752854390;42e;0;1;1;1;1;13;c17d3369d1aab0244213542b7d478ffb3a6cbca24248ba760e01bcd8d1da1fc6
1;1662752860732;da46ef2;1;0;1;0;0;15;40c26a0ffa2af54fde6d48fb70f0973f01110aebba005df44144ba16afdae4d4f488ad99004299b950e139946f701694efe6d0b9ac08efa17d0d3654e0417c9c
0;1662752869469;dc;0;0;0;1;0;3;1cea65
0;1662752873412;dc;1;0;0;0;1;3;6a9229
1;1662752876133;da46ef2;;1;0;1;0;12;bfa464fa5d7f95079f967b159e8200e1bee8de110c951033
1;1662752880213;dc;0;1;1;1;0;12;dabcecc553957312ec177f472416fbcd5cb65b2ca5762acf
1;1662752886462;f7b630e;0;0;0;1;0;9;a1beb18904377191c1ec271c
1;1662752894366;d3707e8;1;0;1;0;0;15;af9d1a572a5daf4a9d730bcf1b05506bcf867aae5909ebcc4b5d6ca34d4c73eb4aa7c80bf016eb023e83760ff364365fcc196b996beb51c4c975e5e21185f198
1;1662752896653;10566346;1;1;1;0;0;12;fb1b43ea2ace8672e358936a56b8843fe04519470d5e1b02
0;1662752904663;dc;;0;1;0;0;6;be384eedae39
0;1662752906566;42e;;1;1;0;0;4;a291c1e9
0;1662752907724;2da;0;0;1;1;0;2;e1ba
1;1662752916607;dc;;1;1;0;1;15;e50db546f446f140ed0e80fd1abc46608141da0c5dac004d6ac0519012774055cf69dacfe1f2da40e8a487ec843da232f598cf9f45eeeab744097074d24eb2df
0;1662752921785;1c1;1;1;0;0;1;8;6c652a97710491b9
1;1662752927162;415;1;1;0;1;1;12;a6244bec44eb6e82c5c1a9eebb59ce175a14ed3f034f4fd5
0;1662752934687;2da;;0;0;1;1;1;06
0;1662752939497;1c1;1;0;1;1;0;4;7a470861
1;1662752943055;f7b630e;;0;1;0;1;9;593ff4e8c5d91c4b9b455e8d
0;1662752947381;2da;1;0;0;1;1;2;5db8
0;1662752951380;42e;1;1;0;0;0;3;ea7d5c
1;1662752957676;1c1;1;1;0;1;0;14;57d4b56216d75652ad14cd7c3485e7bf16897cf04bb99830890b99412a49b4af7fb05fe0bac46a4517553ae6c3480889
1;1662752960931;173fd9e0;;1;0;1;0;14;70d1ada1c12c6c5d65e243ff616c708449791481bfb323a11c2e17b8080ce7a9045e5ffb44d827239c4982c9f2bb7858
0;1662752964117;1c1;0;0;1;0;0;8;ac8012f9e12521b8
1;1662752969019;da46ef2;1;0;0;0;1;15;402bb7a237c83082e5ea816fee1ac4c33942029996b7a5f7b955b5f0e4f8f38e93c713a9e31545df25d1993a199d5f58a20513499292d19a04e130b66c16cfd0
1;1662752977230;415;1;1;0;0;1;11;fc7f94cce163b3a3e7738348b3db893669e93919
1;1662752978569;415;0;0;0;0;1;11;28ab1de6e3bc28ad4703a25f128742f6942d1732
0;1662752980049;42e;0;0;0;1;0;6;96e9ad218f06
0;1662752986969;42e;1;0;0;0;0;8;8b67e265d849a0eb
1;1662752989328;da46ef2;0;0;1;1;0;9;dc05f0e45d87156dda55ade0
1;1662752997804;f7b630e;;1;0;0;1;9;51afb23ff988128c3ad5048e
0;1662753005460;2da;0;0;0;1;0;1;dc
0;1662753010497;dc;0;1;1;0;1;4;3b5952ae
1;1662753015941;415;1;0;1;0;0;15;d4f14919e9048aef39460a7ccf69f12562d27e68e14ed4b526dfc46975b64ba761379c4825eecfcb3704c73958720cd14d7f0af8eb52193a019ba0833b5f0732
1;1662753021075;10566346;;1;0;0;0;13;b4a1ed28cc1aa6835d99caf137810b3678c6ed4f071e7dad2b3001a3f480025b
1;1662753029895;1c1;0;1;0;0;0;15;a9970a0f9ccc807ab8c550400c61282253b94ea70ccbdc47924e244fa320f6ca5346968e4b9f295a13daef1f0813668aed6a6914e42bf0e683bf5051178fadf7
0;1662753035776;42e;;1;1;0;1;5;53ec5ad231
1;1662753039181;42e;0;1;0;1;0;11;841ec854dcd4f9b0699015aa17b5627990e37d9f
1;1662753046777;da46ef2;1;0;1;0;0;15;f14fc13b6551dcf3760135c3c1616e54fb7c5bc4b492e301725c15bc61b9731fcd0aa475247c24ad2a8d599387619f2ebfde856a8e6596ebce64af25b7e72d38
1;1662753055668;d3707e8;1;1;0;0;1;11;7a4701d8d96359ac32aa5ceb93351ef8deb10be0
1;1662753063869;da46ef2;;0;1;0;0;9;b0af53f41e7c59de1b16f109
1;1662753065659;da46ef2;;0;1;0;1;9;35a944124b2381cae5e22c00
1;1662753067162;415;1;0;1;1;0;11;2f53247d6e5e843700454db945d032933ba4c33c
1;1662753075344;d3707e8;;0;1;1;0;10;71889394f9f3920301072c0827a03227
1;1662753080892;da46ef2;0;0;1;0;0;14;b86e32514ed5ebc2cec131006eb567c4c02c983f17fa17636b213465df74e9a0a8eea5286063fefc6423336ee1d8e906
1;1662753083114;1c1;1;0;0;0;0;13;f6aa785485903e745be5f23199ebefc58222b1df2350f0ee5276f42012d6b9e8
1;1662753088930;42e;1;0;1;1;0;15;c2c8b81f141dc1f8ea715c2f609f0080b10da9f5dc2209b375b5cd954d3d1c854a848399b2215d6203b4dae3f28ce69f5ccca9f0113633fbb27b7a62d189ecc6
1;1662753094776;42e;;1;1;1;1;11;db4bfef7c2d62b4c028697d369e5138844c3f15f
0;1662753098441;2da;1;0;0;1;0;5;35e7e75884
0;1662753100997;415;1;1;1;0;0;8;67cafc0621f0692a
0;1662753107613;dc;;0;1;1;1;7;d3e483cb9cfced
1;1662753112059;10566346;;0;0;1;1;9;4cf937e150bd31c1d4dbfbb6
0;1662753116020;dc;1;1;0;1;0;7;877db084b6f315
0;1662753123568;dc;1;0;1;0;1;6;71590a4b0cd2
0;1662753131213;1c1;1;1;1;0;1;4;9f565a1e
0;1662753137258;42e;0;0;1;0;0;5;968e2c93d2
1;1662753141872;dc;1;1;1;1;0;12;c25188ddb3e140958042c7711dff73fa38a7ef7e907574a6
1;1662753143765;f7b630e;0;1;1;0;1;10;bb9fb787a3787e8c64b5108dd6049be3
0;1662753149290;1c1;0;0;0;0;0;8;4c987e8e2cc59578
1;1662753153451;1c1;0;1;0;0;1;11;3f506a07cb8ef46c27992cbd5dca3e30888edb5d
0;1662753161738;dc;1;1;0;1;1;5;7d40cef70d
0;1662753168465;2da;0;0;1;1;1;2;2541
0;1662753177335;dc;1;1;0;1;1;1;69
0;1662753184466;dc;;1;0;0;0;2;b9e8
0;1662753192600;1c1;1;1;0;0;0;1;f3
1;1662753201098;da46ef2;;0;1;0;1;11;ed98cec8dbcab378a6424ff8c4c45f5f4d569e15
0;1662753206721;1c1;;1;1;0;0;1;6e
0;1662753210508;42e;1;0;0;0;1;7;f62f0df323756a
0;1662753216882;42e;1;1;0;0;0;4;86a50626
1;1662753222308;d3707e8;1;1;1;0;1;12;932ab07447f47fd861067f318c0cb2963d62807e4e0519af
0;1662753229891;2da;0;0;0;1;1;7;7cf65f59da4873
0;1662753237165;415;1;0;0;0;0;7;a65389c3cd1ed1
1;1662753241290;dc;1;0;0;1;1;15;aad212a8a0edc198f0e72f6017ac548a074dea9d60c3cee79d089fe38c980d1cf02cc5a689b3cf1cbf953019c56bcbfc3252833106f38a1ffa2a76c11debde09
0;1662753248389;dc;1;1;1;0;1;1;e8
0;1662753250848;415;1;0;0;0;0;1;35
0;1662753254473;2da;0;0;1;0;0;4;ab54a936
0;1662753261240;415;1;1;1;0;0;8;506e0bb3602545e9
1;1662753268572;415;0;0;0;0;0;14;61111a184578377145f9540f8b85ae00960510520cef8280b5a041d6f4b610138c89bd97845f17f2f448b94672da9b46
1;1662753277484;415;1;1;1;1;1;11;f3a360121755bcdb5447c916a24acbd5381cfce9
0;1662753283702;2da;0;1;0;1;1;8;5d898407ca80ca9f
0;1662753289049;1c1;1;0;1;0;1;4;1593e580
1;1662753294423;2da;;0;0;1;1;15;1be2b322aff937d84d1fe581a10d5f21fbfe0c8d3feb22c9e5f04c1c11ddd4094dd6c4b7ce637abe612e563083db200984a7ce82072cd1ba45bf2537833bcf12
0;1662753297969;2da;1;1;0;1;1;5;629689eb18
1;1662753303532;173fd9e0;0;0;1;0;1;11;705156aa888803e4e46668b5646127c551fb1c24
0;1662753306231;42e;;0;0;0;1;7;9e4ad8a8127690
0;1662753309688;dc;0;0;1;0;1;3;686811
1;1662753318427;d3707e8;0;0;1;0;0;11;d13636ee2ca4abb2aacd41062ba60ef279d1ee19
1;1662753323700;415;1;0;1;0;1;11;4b535a01020c67b542b53301c6b934fb3eccc424
1;1662753326668;da46ef2;1;1;0;0;0;15;d8f6af235009575f43417dcc864b008f3a1f811d65e32bcff6f1b0cb35aac02db86499c768e19aac69f6fbd19e9156cb8eb1bb884cc09751295c9dc438b536fe
1;1662753332686;2da;1;0;1;1;0;13;6e1690993c731417c40d4729b911643e0b88d1f3efb7a19b3527297f6265556f
0;1662753336164;1c1;;0;0;0;1;4;b712a64a
0;1662753342110;415;;0;0;0;0;3;91dea4
1;1662753344886;f7b630e;0;1;1;0;0;9;9744969abc074fa841166b9b
1;1662753346031;1c1;;1;0;1;1;14;5a49d293411aad528fda0e54218df16994c05ec70a008c0d817d2db86bc64bb255b86c536f41fe0ba569614764997747
0;1662753354565;2da;;1;1;1;1;3;c1ac13
1;1662753356561;f7b630e;0;1;0;0;1;13;6cba60948c48ee67640d96721a8b2af4162107edbb8f334c00a4f51fb8944f7f
1;1662753361728;da46ef2;1;0;0;0;0;14;b0d2c5fde5284a8bb13b6dd40296d19996b8e9d821ea0152a3eb8a9c6491ed5ad11ac274f27c9b5fcf8c2ccbc30326c9
1;1662753367027;2da;0;1;0;1;1;13;08841ff613de6b83dfa976ec661688998d058f7869f79ff368b3c2af2a7f1082
0;1662753368505;42e;;1;0;0;0;1;2b
0;1662753373144;42e;1;1;0;1;0;8;c90734b646e805a6
0;1662753379837;1c1;1;0;0;0;0;3;d1388f
0;1662753384624;2da;;1;0;1;0;5;87368cc490
1;1662753385670;42e;1;1;0;0;0;13;f8255e3b64584854615db94eca8b218468b02b9b294f7c5eeed29398f61d2ed8
0;1662753391144;415;0;1;1;1;0;1;19
1;1662753395085;2da;1;0;1;0;0;9;72b2207b03e145124481a382
0;1662753399179;42e;0;0;0;0;0;7;3c528578cd65cf
0;1662753403146;dc;;1;0;1;0;8;8897d3fae0bb1c70
1;1662753408136;10566346;0;1;1;1;1;11;ede470db34542b0b6e1079b2d440f10adcfa2ea3
1;1662753415843;d3707e8;;1;0;0;0;12;eddfaf6fb9440efc292024311171b489de60e4b2abf3764e
0;1662753422822;2da;0;1;0;0;0;7;63e4e39c9637ee
1;1662753431754;2da;1;0;0;1;1;13;4563f3359a7616d536480fbc2ad809b87d35be456a847d7e268534ffbf690c80
1;1662753438293;f7b630e;1;0;1;0;1;9;ca55756573c6cabf66967e25
0;1662753441364;2da;1;1;1;0;1;7;b9272a62067b97
1;1662753449091;da46ef2;0;0;1;0;1;11;2677c61c81d591fecd4c3a0be0ec935ffe477b9b
0;1662753451477;415;0;1;1;0;0;4;4b3d2c94
1;1662753458140;173fd9e0;;0;0;0;0;14;8675c157b9abcaadf5d7ec0c5fbca1efb12aca018bc0e638966e5af8e5756bfc3c13743ae2130de05a3d7e9622994a46
0;1662753459248;42e;0;1;1;1;0;1;ce
1;1662753465731;10566346;1;1;1;0;1;13;a64f0ac61c995b1653bbc6b6ddd037fa1943dcf92c8dafbd944d1f208fe611a6
1;1662753469452;f7b630e;1;0;0;1;1;12;a91583e91509d90a39bf729a21032d2d7069b7f00f581b3f
0;1662753477444;415;;1;1;1;0;8;346d75cc5dab5954
0;1662753480667;2da;1;1;0;1;1;5;1d0bbc64e0
0;1662753482367;dc;;0;1;1;0;7;37d00fab451744
0;1662753486390;2da;;1;1;1;1;2;e3ed
0;1662753493164;415;0;0;1;0;1;4;97242f89
0;1662753495835;2da;0;1;0;1;1;1;1c
1;1662753499613;d3707e8;1;0;0;0;1;9;16a4d8452ab0a87658ddc3fe
1;1662753503649;f7b630e;1;0;1;0;1;11;cca70d940f9f4f803aa154dfc56771e8f8ec77d7
1;1662753509299;10566346;;0;0;0;0;10;5cfdb5e255bed186ce4e952c2037b1ab
1;1662753517439;f7b630e;;1;0;0;0;10;8b090445c4cbc7c8a828404f01512525
1;1662753521518;da46ef2;1;0;1;1;0;13;2b00265965893bc3a00acc295aa9078893004b13aef87aa64e6f5d822e5373af
1;1662753522666;173fd9e0;1;1;1;0;0;9;eed8fddab747a3f879762e9c
1;1662753527407;f7b630e;1;0;1;1;0;12;ed78a45d6f64dc4c0d660d9c027094605f3d743d592c3a2f
1;1662753536391;1c1;1;0;0;1;0;12;57229cc55730c7d5dbddbe6cbd1df32896d9350bd9f30bfe
0;1662753540489;dc;1;0;0;1;0;1;91
1;1662753543291;2da;1;0;1;0;1;12;134afe1a3513eac376497610aacf46249f71ff53f01c956b
0;1662753546187;415;1;0;1;0;0;1;d3
1;1662753552937;2da;1;1;0;0;0;9;14e627195fa8eb36a108120c
0;1662753560005;42e;1;1;0;0;1;6;b16e87f7039e
1;1662753566173;10566346;1;1;0;0;0;10;feb49ff5da8eafc5fffabe3c58624fba
0;1662753572331;42e;;0;1;0;1;6;b1a68cb8dfdb
0;1662753573588;42e;;1;0;1;1;1;8f
0;1662753579865;42e;1;0;0;0;0;6;aaafe375f099
1;1662753586288;1c1;;1;1;1;0;12;98009b0547f17ada3baced3053396e833882df11a3842fcd
1;1662753595055;415;1;0;1;1;1;12;4d7550bcf5937ad045b05c770d10efd041a77f515de3fd9d
1;1662753602556;da46ef2;1;0;0;0;0;15;8d95e571231a87158f9f67738468a8d95591606eb45e59fbbb511e79bd282c6c45d2b2521fcd2c3b0abf0b1f8a81e5f8f311f22778835b204ff1009dcf374dd1
0;1662753611528;1c1;0;1;1;1;1;2;a520
1;1662753613387;d3707e8;0;1;0;0;0;13;557cde25919483cb81ffa985e546ce9a934943c50affcac78316130533640233
0;1662753616858;2da;0;1;1;1;0;3;1776cf
1;1662753623714;415;1;0;1;0;1;9;a92922540c3e5323ef3e0b9a
1;1662753630876;173fd9e0;1;1;0;0;0;10;9eb5958d5f9a66a2face75401bf544dc
1;1662753633316;415;;0;1;1;1;13;16e8df731e9e1b4608b1805ba4438954acc9f87fddfb04ed18bdd6442a8789eb
0;1662753640276;2da;0;0;1;1;0;5;5b3646d23c
0;1662753648652;2da;;0;1;0;0;7;8e21338c22d1b6
1;1662753656135;10566346;1;1;1;0;1;15;a82519b45847b96ece2dd1fbcb431dd37b15fb51f7f6915d9edfcaa944dab4595b2d591085dd888e7dbc9dce443aaffee5f064a2e686ee3d5e62dad9a72cab66
1;1662753658471;415;1;1;0;0;0;15;7a7c5d89c4b4c084ff7e7a2568ff7764ec2e4e871cb03b30bfeb70511a94da57ce8788ffa66a0b1da1cb11b7c56ab067f2d867a34b0d1c29f2f51236aef0c99c
1;1662753661020;2da;1;0;1;0;1;11;b9f81a20e10012a3e245d4f01bed21c27a69ac05
0;1662753665639;1c1;1;0;1;1;0;2;8c7f
0;1662753669657;dc;0;0;1;1;1;4;5e04e82e
0;1662753676737;415;1;1;1;0;1;1;28
0;1662753684634;2da;0;1;1;1;0;1;fd
1;1662753693339;2da;1;1;1;1;0;12;6a0e83b56e0a495065cb9a8b592ea9db2617cda0fcd97dbf
0;1662753699259;42e;0;1;0;0;0;2;5c41
0;1662753705031;42e;0;1;0;1;0;8;9852d0b8e295b29c
0;1662753710717;2da;0;0;1;1;0;8;c629842316c60ab0
1;1662753718269;1c1;;0;1;0;0;14;56213934644e15627b734c31995e1b21d8ed1acc4e409e5edc43ecebad06d95d86c97279035878999a9a27d527d8fada
0;1662753726354;42e;;0;0;0;0;2;6538
1;1662753730524;f7b630e;1;0;0;0;0;10;f369c4e0fcd2c5398092994eeb78b9da
1;1662753735881;415;1;1;0;0;0;14;7870e0af6ed44cfa20136c8c3156f5b3806c459e71601b0633b0a2edde1877f5090bf386414e263e68114da90cd75863
1;1662753741262;2da;0;0;1;1;0;13;3e43b1730adde966b8af18b885c578a6a2ed59a8c34e980f83a099910eec1c49
0;1662753749101;2da;0;0;0;1;1;6;3cc0b60a22e5
1;1662753751367;2da;1;1;0;1;0;9;879c2b3c93dfda921e68c12b
1;1662753757083;173fd9e0;0;1;0;1;0;11;91d08fcfdbff1d9adba9818ae5134cc3e78c7212
1;1662753763397;10566346;0;1;0;1;0;11;d81599addd488dacaef809f00abb979e163178d1
0;1662753766462;42e;1;0;0;0;1;7;786619da436fd0
0;1662753770692;42e;1;0;1;0;0;3;fb4339
1;1662753772444;10566346;;1;1;0;0;12;26f45a061c851af821ec1d48af433c504b030db2fc19b59d
0;1662753773686;dc;1;0;0;1;1;7;43dd8d6b13e30f
0;1662753780508;1c1;1;1;1;0;0;8;21efd77b59817cf3
1;1662753785545;da46ef2;;0;1;1;0;13;bdfed4ba6071e7c2eadcf209249a6f3d3378a83b26be3aee51d5b4534947ccb7
1;1662753793843;1c1;0;0;0;1;0;11;1f35563c80b95a869981fa74499d2bdb076dff33
0;1662753801533;415;;1;0;0;1;8;f1e1bead570faefb
0;1662753803174;42e;1;0;0;0;1;4;abdd38d6
0;1662753811343;1c1;;0;0;0;0;3;93328c
0;1662753814335;dc;1;0;0;0;0;7;b4f0ad05cb8b99
0;1662753823176;1c1;;0;0;0;1;1;fd
1;1662753827591;42e;0;1;0;0;1;14;13db049e7d55b69e0b18ab4861889eddd53e5b6845cd1ce96d4ae9f86234d161ed7694c8001fe0ebad2ab546767e0ad0
0;1662753828981;415;0;0;0;0;0;2;8551
0;1662753833809;1c1;;0;1;0;1;2;c0d1
0;1662753840720;2da;;0;1;1;0;8;44d5c6ca06af9b3f
1;1662753842450;dc;1;1;0;0;1;11;88745668c53f5ee3fe1610bf152ea4d2c465bc79
0;1662753845138;415;;1;0;1;1;8;1a0b1d1d294d6e99
0;1662753851946;1c1;1;1;0;1;1;4;493adec8
1;1662753854716;d3707e8;;0;0;0;1;12;017e3200d1185cae2f7a0dc6f25fd1015b15549b0bebdccf
1;1662753860252;da46ef2;;1;1;0;0;11;da61eec861621456830a797f7f9cc78fb1b3465d
0;1662753868696;1c1;1;0;0;1;1;8;bd98c13cc5221d28
1;1662753875721;42e;1;0;1;0;1;9;e6749727f02ac49fb78ad508
0;1662753879811;1c1;0;0;1;1;1;1;9d
0;1662753883022;2da;1;1;0;1;1;6;f4147200fade
1;1662753890922;dc;1;1;0;1;0;9;e08115ff0d8924e0cc709344
0;1662753895359;dc;1;1;1;1;0;1;5c
0;1662753897135;dc;;1;0;0;0;7;aa3f711ce13b03
0;1662753903945;415;;1;1;1;1;7;85f3b4e9ec18dd
1;1662753911678;415;;0;0;1;1;11;f569d55c05be8a1a3cbb466bd8623945f7188257
0;1662753914212;dc;1;1;1;0;1;4;e2b98322
0;1662753916195;415;1;0;0;1;0;1;4c
0;1662753923290;415;1;1;0;0;0;7;fed2cb33155cf7
1;1662753929053;dc;;0;0;0;1;11;f5fe009b70694267dcd679a685bb87347ebcae58
0;1662753934264;415;0;0;0;1;1;1;89
1;1662753941481;10566346;1;1;0;0;0;14;4749867b77f1eb42605ec0af7baa12655cb6f7576859e409137083aa1b189d540c689dc2b5f72e6fc60c2bd1bffbc599
0;1662753947234;1c1;1;1;1;1;1;7;190567a3dec127
0;1662753955790;1c1;1;0;1;0;0;1;bc
0;1662753963073;dc;;1;1;0;1;1;35
1;1662753965732;da46ef2;0;1;0;0;1;10;4a34e308d6096cf4868fb217135cc4ce
1;1662753969659;dc;1;1;0;1;1;11;a2226dc387e33c91740a11f3431340328bb0eff4
1;1662753975140;2da;1;1;0;0;0;15;c6d2338fa605b96b635324da91121a4b34c8847140905db118d54535f71f28b3a12d6080500a638242c4337835943e40b9fa72a9b3b00ef953935ddf874fb1ba
0;1662753980134;415;;1;0;1;1;7;92fa77519fd9a9
0;1662753986522;2da;;0;0;1;0;2;10c8
1;1662753992577;d3707e8;1;0;0;0;1;12;112baf7c9a8342e685aeb06a82a74704cf648a4dfa7e4eb3
0;1662753993722;415;0;0;1;0;1;4;15904821
1;1662754001544;42e;0;1;1;1;1;12;64ec28149613a4e7ec0f65d7e9308f6ef02a98bdc5d14f81
1;1662754006535;173fd9e0;1;1;1;1;1;14;d631d75795b9172d35238dbf9ee761b9b135be6b1f94aa8170a224d273f653e160f05eddccc642e304cbb07687fdbffd
1;1662754010444;1c1;1;0;0;1;0;13;d293dd5e839a8173fadeb3cff8fc0aff2305132d876b95fa01c27e5f9c7dbde7
1;1662754018251;42e;1;0;0;0;0;14;658e0ee462e5ef17d399be82507dbfee1a444863b477071741cb600f83eaa9022096a270d03e38ea378d1ce592e2fb53
0;1662754022221;415;1;0;0;1;1;2;5734
1;1662754028052;da46ef2;1;1;1;1;1;11;6d0ed25f5b62327a95293c667dd0bf37b22a2869
1;1662754032378;42e;1;1;1;1;0;15;e6aeb50229bfd6f30cae4c3e862c784b431953c406a9092543a3918b285c50ac6c9ca0dc2cd06d9dd36afcc4879606d4cf4edd668b31ff27d4762d9309ccae3d
0;1662754037097;415;1;0;1;0;0;8;0255faf01365b789
1;1662754039552;10566346;0;0;0;0;0;13;110d96fcf665907f012b04ca87e8070ecdae754a6bbbe6f8b8b6bae5f767ddf6
0;1662754047018;415;1;1;0;1;0;8;0ea6d5c2c188e972
0;1662754051332;42e;;1;0;1;1;5;e9e945d3a6
0;1662754054713;42e;1;1;1;0;0;4;10642ca0
1;1662754057680;173fd9e0;1;1;1;0;1;9;7812946881dfe80129a0e46c
0;1662754063694;42e;1;1;1;1;0;4;69e2dfc0
0;1662754068207;2da;1;1;0;1;0;4;e48c789a
0;1662754071930;1c1;1;1;0;0;0;5;543a2b05c2
1;1662754073062;173fd9e0;1;0;1;1;0;13;41ca38d19d141af62cab4648aba002b1ef713b710c4548655569631b3689860e
0;1662754074066;1c1;1;1;0;0;0;1;d2
0;1662754080531;1c1;0;1;1;0;0;7;87156ad408de9a
0;1662754088438;2da;0;0;0;0;1;8;a883e3ef45f3fcf4
0;1662754095064;dc;;0;0;0;1;1;67
1;1662754102271;1c1;1;0;0;1;0;9;925478b2857344ef0d8be000
0;1662754109968;dc;1;1;1;1;0;7;273dbc50e43371
0;1662754111190;1c1;;0;0;0;0;3;65d179
0;1662754115362;42e;1;0;1;0;0;8;9defde5071c15ec7
0;1662754117047;1c1;0;0;0;1;0;1;c8
0;1662754121375;1c1;;1;0;1;0;8;e8692c55d4f131de
1;1662754129561;415;1;0;0;0;0;14;b2a6e0e4396e8f586840664a39636da22f54a92cf39b9a1fba04cfbcae2d7bb5f205913b5ad5b76e74d7c977efae5ecb
0;1662754135550;42e;;1;0;1;0;6;f77dc304abee
0;1662754142876;dc;;1;1;0;1;1;cc
0;1662754145535;42e;1;1;0;0;1;4;76d068b6
1;1662754153750;1c1;1;1;1;1;1;15;c5d8cd65cc494ef916bfa1168d15d6ef446abe7ea4dd9e8823479c1f2087d2bce61e7ecca34e3c374522c9eb67f804e13eb7147d1e1d780b911fd53c35f50fd1
0;1662754155597;1c1;0;0;0;1;1;7;84e3020a711fd2
1;1662754163121;2da;0;0;1;1;0;10;0871a97bf7a5774e29bc2cbb13a0d078
0;1662754167926;42e;1;0;0;1;0;6;ef059245cced
0;1662754170438;1c1;;0;0;0;1;2;348e
1;1662754178567;d3707e8;1;1;0;1;1;15;838811d0953c8580f40e6702721a6d384e0efea4301a580a009b2b926998083b06079298747cc9efd6ddeb1560ce24d950de3a87a8c933bf3781b3b91ca9c8f0
1;1662754185522;10566346;0;0;1;1;1;10;c1ec9aad96d70db5d7bca19798564719
0;1662754192556;42e;1;1;1;0;0;3;2a2543
0;1662754200076;415;1;1;1;1;1;2;4050
1;1662754207815;dc;;0;0;1;0;14;30e6b807db5a332c2d3dcea2737700cd51ab7fb213a94276d3c57f4ac6f07582cfe14c45af6754150da20a93df51a5af
0;1662754212344;42e;;0;1;1;0;5;32cfc80078
0;1662754217502;415;1;0;0;0;0;2;fb76
0;1662754222155;dc;1;0;0;0;1;3;0a84f6
0;1662754227646;dc;1;0;1;1;1;6;e0ec3a99d702
1;1662754229498;42e;1;0;1;0;0;13;a9f4bd7cf5cf58f441b117119c4336a389a9e4033558302796b042f6a664dd40
1;1662754237161;dc;;0;1;1;0;13;4c0d6fc76483e351a84b56c267d2b33037727fa728907033b29c715db7a3462d
0;1662754245444;1c1;1;0;0;0;1;1;e8
1;1662754252877;42e;1;1;1;0;1;10;25c64bc4617afe03e5b7db014cc36137
1;1662754258828;415;1;1;1;0;0;9;a640959f65c1eef8d383ab3d
0;1662754260657;415;;0;0;1;1;6;dc65b22f4d31
1;1662754264152;da46ef2;;0;0;0;1;14;149c9a3df07f4f088e82dd86707caa8bd065aa80845bf817c4a27cf09e42597dcb0b466a2d4b24ac87efb2efc16e180b
1;1662754267583;2da;;1;0;0;1;12;63644314c7e7156fa939fe0512a1355c178a47a4f0cd3354
1;1662754273657;1c1;1;1;0;1;0;12;e962ea4d4b6f05e9d237560e174332e31105573418c578a7
0;1662754279354;1c1;1;0;0;0;1;1;0c
0;1662754282490;dc;1;1;1;1;1;8;a728d00f231a75bd
1;1662754289356;42e;0;0;0;1;1;13;a49509a12269a264546dc0597263f0e2375c9024f2e2ca9b9644885e6540c4c6
0;1662754295371;1c1;0;1;1;1;1;7;ea6188eb26132a
0;1662754302726;dc;1;0;1;0;0;4;d9ee2fcf
1;1662754304970;415;1;1;0;1;1;9;9ece2fc4103ad4ed7a1b61f4
0;1662754306986;42e;1;0;0;0;0;2;0354
1;1662754311943;d3707e8;1;0;1;1;0;15;93af837a9a5559eb69a13f3984fb68268dec3b08953e5e9520df03819fd25702a0cea879dfbe217c4b26a9628b64065b8d4098533bf8775ffa5fcee3f2b6d42b
1;1662754314561;42e;0;1;0;0;1;11;2da1136318d45ae5fbf8c038abe3454519004ce5
0;1662754320618;1c1;1;1;1;1;0;1;5a
1;1662754326208;da46ef2;;1;1;0;1;15;622969899156d6630668822ad3e81b4a80b74cb3daea5e3514324efdccb49cfffde8011143ba93be5cd373b512ef382a5766f8470b7bff84d69de1bf5450389c
1;1662754327725;1c1;1;1;0;1;0;12;f482e70afa33fd34e3d4fb9c30447340cdeddf2ea5a52e18
1;1662754335524;10566346;0;0;1;0;0;9;a121da26ad846bf749869920
1;1662754342283;da46ef2;1;1;0;0;0;13;2a8e4b0e3fffc28dbf7cec7f7a6116292a04b8a4e88ca893df1fa9926cf93292
0;1662754351169;415;1;0;1;1;0;7;1be2b19773e05c
0;1662754358064;2da;0;1;0;1;0;4;f9350fdb
1;1662754363944;10566346;0;1;0;0;0;13;5b52ef14ba73380bb79668586d3568a191856be6c5f20a95e5a02c7336e1465a
1;1662754369439;42e;0;1;0;1;1;12;c3962644e2e2b0e6b72bf7ad35ef54041c35aad0e3698008
0;1662754371541;415;1;1;0;0;0;3;75d363
0;1662754379511;2da;0;1;1;0;1;2;6168
1;1662754386219;173fd9e0;1;0;1;1;1;9;d8190e6a37a52a8569fe0198
1;1662754389656;da46ef2;0;1;1;0;0;14;35a6e1f93319ff01d38d3975b220eea322493078e6a3f9ac54fd60c6032935105d6bbc1dd6a58d5eb6da97450ae952a3
1;1662754395521;173fd9e0;1;1;1;1;0;14;9642bbda2ea05dbc9a59168fcdcbc780ee3df02620e57e98b48a5758591ecb30921f4a29309a5b9c1b93e056498f0ea5
1;1662754398614;f7b630e;1;0;1;1;1;13;d90b77ff4ae1fbdce2c75e70b2c01f0af1f5c7bc5facb72ab5cf0699d1e05960
0;1662754402612;42e;1;1;0;0;1;2;622e
0;1662754411270;2da;0;0;1;0;1;8;0dcc1b82deb1157d
0;1662754412391;dc;1;0;0;1;1;2;6866
1;1662754414169;f7b630e;0;1;0;0;0;14;7e22e5755e3d2f744f3874baf2c7adf174402b3a871c5736416ac48131492c65a2f72a8c65219cae22959de0a36078b6
0;1662754416819;2da;;0;0;0;0;8;f7905fe0b487f2c6
1;1662754419203;10566346;1;1;0;1;0;13;c4bd62df95665f729d6bcc44709b0251a43258143a615ae4b88e120e7f1346e4
1;1662754424566;1c1;0;0;1;1;0;14;75de5f99275e4bc2f131cf275199452ee5f5d4e762113b5ae72b861e923ce2665258157fe2170e5dabc2876f551b76c0
0;1662754432599;415;;1;0;1;0;7;63dd7a7dc96299
1;1662754438822;42e;1;1;0;1;0;14;79e488f15b2b4286acab9d3bb8ecfab0e03f10ef6c5096bb4754be588a3c9bcee9fd2e6549e03c845bc540688c6a22b2
0;1662754446233;dc;;1;0;1;1;1;e8
1;1662754448051;10566346;0;0;0;1;1;13;9df8b7bd964ebd51c9da6ff8d83bfcea1beb38962a4c936ba677e421079b682a
1;1662754452286;f7b630e;0;1;0;0;0;9;e6189fdd5dd5710ada208711
0;1662754457944;2da;1;0;1;0;0;8;3849f29c7599da5f
0;1662754460592;dc;0;1;0;0;1;4;e99f640f
1;1662754469074;dc;;1;0;0;1;13;b3bfe616b2ee5a7774256a8a810088d236680ba1925c5ceaa03b36b2ee643a0b
1;1662754474012;42e;0;0;1;0;1;14;d2cf66c95333c01329d1bd12d9150c0022040ecfa899a9c854cb6194220a448c8fe71ccb053b9801f282c6c0416aa85c
0;1662754481045;42e;1;1;1;1;0;5;92a06d781d
0;1662754482511;2da;0;0;1;0;1;5;8f5ac33193
0;1662754486676;42e;1;1;1;1;0;1;a3
0;1662754490262;415;1;1;1;0;0;7;94eb9076e96dce
0;1662754495906;2da;;0;0;0;1;1;fd
0;1662754499924;42e;;0;0;0;0;1;02
1;1662754505563;f7b630e;1;0;0;0;0;12;c97752d95c4de3cecd888d80a5fcb40d6add140d5a7ae421
0;1662754512897;2da;1;1;0;0;0;7;fdf221db1ee98a
0;1662754519399;1c1;0;1;0;0;1;1;2a
1;1662754522432;415;1;1;1;0;0;15;4d9651908bfed2b06750d8ec6437634c3ce95e484af7570f36441a270cc1c252cae4a8b4a54f98e54c4f709d0ffc6ff1e1f9e39969ee9e9393f60b62389d14c2
0;1662754525018;dc;1;1;0;1;1;1;0c
0;1662754530718;1c1;0;0;1;1;1;3;dc3593
1;1662754538062;173fd9e0;1;0;0;1;1;13;cd4fb48d1ed0b3c0e0970607f5460cd71ce418d9d63d48677d48641e1ee13305
0;1662754544779;dc;0;0;0;0;1;5;eccfe828f5
1;1662754546997;42e;1;0;0;1;1;11;0eb23896d0f0a637c9cb26821567bf637bc36afe
1;1662754552620;415;;0;1;1;0;15;92b51a27d491db0663528424e2f1ff516007ef75893846abc4e189d9cbd3a495650d7152df1143e570a636015a9123aba0ba7817ac67e20d3707c0ccaee29677
0;1662754561588;2da;;1;1;0;1;2;cf8b
1;1662754562698;2da;;1;0;0;0;9;bc95615cf5e3f40206707e23
1;1662754564518;dc;1;0;0;1;0;12;e2311f6dfdb2fd9d4d6b545fbdafe2a82151fc43167d3632
0;1662754570036;dc;;1;1;0;1;7;4ec53c82776774
1;1662754573194;10566346;1;1;1;1;0;12;95a70883263cfb1cf3bae46b714b2bd73c1b045760613765
1;1662754579126;da46ef2;1;0;1;1;1;10;f30c4cec0bfed62ec164904d88d5adab
1;1662754587535;dc;1;1;1;0;0;15;db418b9eddc5027da1b64da3d6fd06b4ebe21658ad66fc3ae2fffb2046b5206bea6239107a9d42ed311a236bc2314ae64cfc8477ca2d78712811e15ebf6252eb
1;1662754590942;f7b630e;0;0;1;0;0;15;9e1a73b828df3b8ea4fce3c5728c3ce45a1082ec81de1bbd2da5cfec1ee9351cfda927ada623cda2ff02351f78bf5439dd926dbda1b1e269b4a9f052243795a2
1;1662754597892;10566346;1;1;1;1;0;13;dc96233e858466625a176f6542f1e7808b5165ed13dc895a981c5dbc2270b0c7
1;1662754604247;1c1;0;1;0;0;1;14;891b60b62865b40370ab4a83ec979eb13902fc45ba5ff48d4fe4b5c3cf35744d7a9785da32d0d16c342f54823fce2327
1;1662754611201;415;;0;0;1;0;13;02633a7920a1141a192d22d2986d5b527f03e4cbabe2a748b12a050a2eef25a3
1;1662754618275;42e;1;1;0;1;1;15;c70e08b21d7ef2105c50ce5a10c8601dfb16d549cdb829b8ea048c290849ebcfb5a3524f1a3161d15b418341f6705eaa9c5e3c14ea0553915b381b66faba7bb9
0;1662754622767;dc;1;0;1;1;1;1;fd
0;1662754630925;1c1;0;0;1;1;1;6;8d409b384fa1
0;1662754634595;dc;0;0;1;0;0;6;3c35f46506ef
0;1662754638946;dc;1;0;0;0;1;6;cfcb469458fd
0;1662754644668;dc;1;1;1;1;0;7;2d268db8de6db9
0;1662754653452;1c1;;1;1;0;0;6;63a112dc8953
1;1662754655385;d3707e8;1;0;0;0;0;12;81b7d2c6b67008a5984e103402875692cffe7964d9189d01
0;1662754663023;1c1;1;1;0;1;1;1;9a
1;1662754670259;da46ef2;1;1;0;1;0;10;194cfda6670dcdf09f2a172c5ae820f3
0;1662754677133;415;1;0;0;1;0;1;86
0;1662754679676;42e;1;0;0;0;0;3;f151e9
0;1662754682285;2da;;0;1;1;1;1;0b
1;1662754690614;1c1;1;1;1;0;1;13;1cf581d9de6f424dda1d0a8756d612a81614d061170d924a96c3c3df33997e10
0;1662754695637;dc;1;0;0;0;1;5;e5746f88e3
1;1662754698361;2da;0;0;1;1;0;10;014d360af631f5b84f9693e9bdc4a54a
1;1662754700222;da46ef2;0;0;1;1;0;9;ae676a77675143cbb4810936
1;1662754702197;f7b630e;;0;0;1;0;12;6908d1fcf1ea21ff19fc6e16de8bed516685928b1064eb11
0;1662754706560;42e;1;0;1;0;0;5;0d530a3832
0;1662754714995;1c1;0;1;0;1;0;5;f084c54a8c
0;1662754716590;1c1;1;0;0;1;0;1;c8
0;1662754718868;42e;0;1;0;0;0;1;79
0;1662754723171;2da;;1;0;1;0;7;4f316c1d1cc3b0
0;1662754730411;1c1;1;0;1;1;0;5;7754c8d2e2
1;1662754735901;42e;;1;0;1;1;12;041b1a8555f1adec7f8a020dde0e270a38756ff99c8a79c4
0;1662754742490;1c1;1;1;0;0;0;5;d797320506
0;1662754744843;2da;;1;1;1;1;6;2c0e60eb4390
1;1662754748355;173fd9e0;;0;0;1;1;11;be137a947158ffe643db081f9eff34149d01fb0f
1;1662754753684;dc;1;1;0;1;0;12;617420f2e43671f44c7c3d269d20d31527b3fa757c5ad562
0;1662754755974;1c1;;1;1;1;0;1;2b
1;1662754760626;173fd9e0;1;0;1;1;1;11;4b97d1daad790f04f4975df4d80d995af046a123
0;1662754762759;1c1;0;1;1;1;0;3;bdaf64
1;1662754768744;10566346;1;0;0;1;0;13;155eaabc5225c205571126cca870f57f3cfbee2203704914fd67562bbc8af1a0
1;1662754771406;1c1;1;1;1;0;1;9;ddef7e3a3531144b7ee755ae
0;1662754773424;dc;1;1;0;1;0;4;c6fb8dd0
1;1662754775470;10566346;1;0;1;0;1;12;13cd120626a5fe7fba74c1418dba7c610b3f3d945243d784
1;1662754776737;da46ef2;0;0;1;0;1;13;455bc13d3ef1b3416c962aa182c08232616184c674e6d20fe6316253227923ee
0;1662754779476;1c1;0;1;0;1;1;7;6fa17a45452de4
0;1662754786375;42e;1;1;0;1;1;4;6aabdfee
1;1662754790482;2da;0;1;0;1;1;14;1f71c509644b3d5c1cb32efd064abed298691060defaeeda40d8b08eb1c91f5db760793793cc39c31453c0f67f30995d
0;1662754797088;dc;1;1;0;1;0;8;87ebebeb54bd8375
1;1662754804888;d3707e8;1;1;1;0;0;13;750a831e27a34aeaadbd70e0505efc565adca9b963b805fa064ab86b3fe81d27
1;1662754811950;173fd9e0;1;1;1;0;0;9;5eee9f60dabe17ffcbe01eb2
1;1662754817628;173fd9e0;;0;0;0;1;14;a1ea76e0d87348a8ced9ff64babb57909d6ce9a52a249fd446d9088924a6a150b8726e8c5d6d0c9bd6dc7cfd0f3b57fe
1;1662754822921;d3707e8;1;0;0;0;0;11;75c619fc1a376abb4c81369682bf26fe410a9372
0;1662754826728;1c1;0;0;0;1;0;5;f31178ae4a
1;1662754832257;415;0;0;1;0;0;11;bb34ca206b7bb976c8032e1600da99d2734ecf23
0;1662754835564;1c1;;0;0;0;0;2;17b1
1;1662754840586;1c1;;1;0;0;1;13;3e2f70217e4c06971c0c57c25443024791b6997e87925418c29d07d6929bda8e
0;1662754846071;42e;1;0;1;1;0;6;6f37f68544af
1;1662754850459;2da;1;0;0;0;1;11;72a0c4ef41e2928f9ee32920ae5bb4daf5950365
1;1662754851907;f7b630e;;1;0;0;1;15;406bd4d24cf8335a160db0703f856716527b1777b8de14f84c6c823b4e96af3ae8294f9dfba3130c191e24fe0c596d97d935da1c142e623622924934788be85a
0;1662754854611;1c1;1;1;1;0;1;1;d7
0;1662754861059;415;0;1;1;0;1;3;618cd8
1;1662754868431;415;1;0;0;0;1;10;72e0e21f944355aed4892d88020a15dc
1;1662754871384;2da;0;1;1;1;0;13;8a91ba6201939727cfb53377f0dcbf6bc135647e6844f3cf31a553abddc56344
0;1662754873301;42e;0;1;1;0;0;6;08a32a9cc329
0;1662754875859;2da;;1;0;1;0;8;89c5934bc86b18d2
0;1662754879073;dc;1;1;1;1;0;5;4ea32cf1db
1;1662754885874;dc;0;1;0;1;1;9;c4072fe5f5242fe7357cdd12
1;1662754891663;2da;1;0;1;0;0;10;18c81b43ce380fffff64b6c836b7732f
0;1662754900081;415;1;0;1;1;0;2;fe09
1;1662754903184;42e;0;1;1;0;1;9;dfcb8187e94ebcd20bf84d83
1;1662754906190;dc;1;0;1;0;1;11;eee669569fc1ad626b31d210bbb0c3386e6d2290
1;1662754915171;1c1;;0;1;1;0;10;1d4d8721a6e8fbe47546992c7fdfe92a
0;1662754918661;415;;0;1;0;1;4;61fb5087
0;1662754922305;1c1;;1;1;1;1;1;04
1;1662754928861;d3707e8;1;0;0;0;0;13;643abd44e63947ed3dbe515958d93ab90d94e1cd14afa9821a5a94fdd572285d
0;1662754935617;415;1;1;0;1;1;5;89dc0f761b
0;1662754942598;1c1;1;0;0;1;0;5;d10e44e9f7
0;1662754946839;dc;1;1;0;1;1;6;c51a25846616
1;1662754954180;1c1;1;0;1;0;0;14;927c519ca16b8876504d352b7cf47a95e1efe7b4c05e9bb276d234f02e606e677cba689e0e991b7338c1dacbb86c0418
1;1662754961729;415;1;1;0;0;0;10;f4b5a46b925db1b40c2403efd8c6183a
0;1662754969500;dc;;1;0;1;1;8;ba419b3b1736c3fe
0;1662754971527;dc;1;0;0;0;1;5;253cf46919
0;1662754977121;dc;1;0;1;1;0;5;454109cfe8
0;1662754983375;1c1;1;0;0;0;1;1;0b
0;1662754990069;42e;1;1;1;1;0;1;87
1;1662754997328;d3707e8;;1;1;0;0;14;674649e29bb2c4f1f99c2e923634f10fa71c7bca8ccb83a675abee6dc8f3c19e4cb6888b5078c204c8b80ebc173225da
1;1662755002117;da46ef2;0;1;0;0;0;11;69158d0dd49264e7cc78be2630ea3257bd406382
1;1662755008854;42e;0;1;1;0;1;14;8864d26c2b2eee0c42be7b27ff6f5aa4de6e6c73aa9f9aa04aea5eea814bc2cb6520c3a194936e228e80f9ab2c37d1d1
0;1662755017673;42e;0;1;1;0;0;5;0601d35a4f
0;1662755021299;415;0;0;1;1;1;8;b94b2535c028853c
0;1662755023668;1c1;1;1;1;0;1;1;f3
0;1662755027789;1c1;;0;1;1;1;3;c5ae19
1;1662755033520;d3707e8;;1;0;0;1;12;531b9af788b193d2b38d6349da536fa5aad95110f7cd813b
1;1662755035661;dc;;1;0;0;1;15;b7a3798e73f9e31185fa3af99b6f94df051121108808e2f516e083287f3f00d53ef429b405f8946a8dff18787a64794f8cba19f1cc23d824d1680e6171d843d8
1;1662755040565;1c1;1;0;0;1;1;12;36b1fd53ce8bc6cd05626e8b213e0586916421ce0bf57154
0;1662755041660;2da;1;1;0;1;0;7;0aba6c513946f3
0;1662755048364;dc;1;1;1;1;0;8;8eaae6a80688aef6
0;1662755052191;42e;1;1;0;1;1;6;773e34a0127c
0;1662755055060;1c1;0;0;1;1;1;5;7d41acaa64
1;1662755061996;173fd9e0;1;0;1;1;0;9;21174bd36c2be289e61c206a
0;1662755063129;dc;0;1;0;0;1;6;d274593e9eac
0;1662755071903;2da;;1;1;1;1;5;8149cfa6c8
1;1662755080786;2da;1;0;1;1;0;12;90c075380aea60a1b468839954caf723184ad214cfcaaa4b
0;1662755085227;1c1;1;0;0;1;1;4;99566eb7
0;1662755090868;1c1;1;1;1;1;0;6;857626582af9
1;1662755096441;1c1;;0;1;1;0;12;d0faa7501e7a67aa32eae5384e79d04a2b0ef9858cc23a42
1;1662755104907;da46ef2;1;0;1;1;0;10;fe5e33503b084542a3000f5877c25413
1;1662755112199;173fd9e0;1;0;0;0;0;15;91854412833029d9de0af245913b48931195dfbe1218509c9ef7a1b1b5eb3f7636480bc75b25d9e6c0382efe703cc2936e201bc33675fcd87f3ca09b461722b1
0;1662755117960;42e;1;1;1;0;0;1;d6
1;1662755120025;dc;;0;0;0;0;14;a273f99c687ca43ceca2ad491ec97109166ba7b5febbde86d6395e0f9cee85db5cbbcf803461a22235933d9da09c8fe2
1;1662755125839;dc;1;0;1;1;1;11;18e98a22cc50968cbfbaa705c58ecc0df762ec84
1;1662755130602;d3707e8;1;0;0;1;0;10;d33c3180d90108e77b473a36d76f958c
1;1662755139045;d3707e8;1;1;0;1;1;14;cfee40acf4ab04b3a69a76dd5802757e20f1233ac81470b63e350f11f822cdd0a7f060150abe734dd87658b37a55c5ac
1;1662755140252;42e;;0;1;1;0;12;95280cb324f56710e8d418d904ef891c43683aa4f613bc45
1;1662755148092;dc;;0;1;0;0;9;45e1e25d70416bea759a9084
1;1662755151766;173fd9e0;1;1;0;1;0;13;7185286ecacc33f965d3d0a78e271fd00171d178e809f588196c97bf8c805039
1;1662755157588;10566346;1;0;0;1;1;11;cfab094200bbb4f4844fe2ff02ae724f92aa7c9a
0;1662755159923;1c1;0;1;0;0;0;8;6c5bef32d1c25274
0;1662755161953;415;0;1;0;0;1;2;f1f2
0;1662755165637;2da;;0;0;0;0;2;2904
1;1662755168736;f7b630e;1;1;0;1;0;15;57e243abce8e616b8808a91d34e1d0a1895ce9dee95febf7da3256d4e7c80d0fe26e2885d21804a3555b33101d0160750433d7c4ba556cf0b97be9834a72e5ec
1;1662755172102;d3707e8;;1;1;1;0;14;49884d36ffbf731ce55a22583a8f10bc9bcefc226678ca7962978b8fe968a9fdfa0c185fbee5cb33fedeffacf6c30fc7
0;1662755173949;1c1;;0;0;1;0;2;ba4a
0;1662755176156;415;1;1;1;0;0;6;ee44ab5813a9
0;1662755177889;1c1;1;0;0;1;1;7;8676f5426563f0
0;1662755181186;415;1;1;0;0;0;4;fa765623
0;1662755188242;42e;1;0;0;0;0;1;63
1;1662755193575;2da;1;1;1;0;1;13;cee69d482b77df6c2816db1c4e324e347724322ccb59d29c1c6e0b80d961e4de
1;1662755200852;d3707e8;0;1;0;0;0;15;7c4361613c51cdc19a673ee81526e825f4284b3765783bef43adbc0811a4a161ea1dbeb8ad05eb46d230daa723c8763805c996240b11fb6fc26c20f18e637d2c
0;1662755209036;1c1;;1;1;0;0;8;ed6a472f2f1d77ea
1;1662755215196;dc;1;0;1;0;1;12;3f9784ff19d2de0255a200d357865898353a3827e632e2f8
0;1662755221279;415;1;1;0;0;0;4;329a95ca
0;1662755229757;dc;0;1;1;0;1;7;ce97ff15a42eb6
0;1662755235153;42e;;0;1;0;0;6;51a99ca656c5
0;1662755239779;1c1;1;0;1;0;0;7;9eb50e20ea3100
0;1662755244687;dc;1;0;0;0;0;6;fd937a915099
1;1662755248785;10566346;0;0;1;0;0;10;26758c7b9eea0ea25e6963e68ef691f5
1;1662755251507;10566346;1;0;1;0;1;12;bf823776153f60af6cbae539300f9f930a89f60e8f739241
0;1662755253076;42e;1;1;0;0;1;4;1707854f
1;1662755255404;da46ef2;1;0;0;1;0;15;a557d51dd512f7e08e8662506cd3f35bfabf84d4b3d5e677e794da8c3e3e93019c128f097ed5ea99f1330ebefbedd62159cb1c2338816ae308cf56dbecfa919a
0;1662755257646;415;1;0;1;0;0;3;cdb272
1;1662755263175;f7b630e;1;1;0;0;0;14;633d163a5663d18505173efcf02b3ccac1428914acfe211ba84c2692ec50072eeafe35501f2e3ed68d7c8f88d0c507fe
0;1662755267315;dc;1;1;0;0;0;6;07962d18b665
1;1662755273300;d3707e8;;0;1;1;0;12;a587acf2c072912719af0530ac7e0578e39b57936732ee18
1;1662755275223;2da;0;0;0;0;1;9;405fc154a2dc8c86fa0f2953
0;1662755277490;dc;;1;1;1;1;2;605a
1;1662755282194;d3707e8;;1;1;0;1;12;66cfa986ff739f50d6a447dcd8f4952fa7fd9cb98af30c54
0;1662755291136;1c1;1;0;1;1;0;2;b49e
0;1662755293168;dc;0;1;0;1;1;7;53ab94f9472f50
0;1662755297857;415;0;0;1;1;1;6;fd74bf4ad8dc
1;1662755301660;415;1;1;0;0;0;10;9904bd67d9099629aa9c0de831788d46
0;1662755306153;1c1;0;0;1;1;0;4;dad7859b
1;1662755311002;10566346;1;1;0;1;0;14;45564e6455efd43e0c57f87273457208046714d5d2022ed9d14252c4fcd87543f952a3562f4ea8c1bcc70a1459c09bda
1;1662755314360;2da;1;0;0;0;0;12;0974cf26cd26818e4c52d16508c117953db2c8a14f605c91
1;1662755315380;1c1;;0;1;0;0;9;ba8b3daf8d6f8de24d885c16
0;1662755317896;1c1;;1;1;0;1;4;8b2a7bed
0;1662755325022;dc;0;0;1;0;1;4;5002d570
1;1662755329862;173fd9e0;0;1;1;0;1;13;42e8cc051d10989508759de2486a2ab98a4ee17d390d8db3dad6fc28851e219e
1;1662755334215;173fd9e0;1;1;1;1;0;11;e5469af97556800dfc9e62b4561ac5d5acb94478
0;1662755337845;2da;1;0;1;1;0;2;86e7
0;1662755342168;dc;0;0;0;1;1;4;63ed94d5
0;1662755344936;415;1;1;1;1;1;7;14a6cea2c254bc
1;1662755350346;da46ef2;;0;1;0;1;12;ec345f5ffc6236b00924e216eaec795ebabc67ffd20d5c31
1;1662755358729;2da;;0;1;0;1;9;80cecde7598120eeb3dca561
1;1662755365165;42e;1;1;0;0;1;9;2511c333272b4645d9c09116
0;1662755371920;2da;;1;1;1;1;8;b75708ea92a7fd79
1;1662755379080;415;0;0;1;1;0;15;ded6510f37bbf73a80d9efd82eb416189ae727cf0270ad677c9aed3dc3308875e769f7df2e2cb26d0a1bf090b541334ed951d38bf8f7c5fa2806d53f3e0b99f3
0;1662755382583;2da;;0;0;1;1;1;7d
1;1662755384660;42e;;1;0;0;1;9;7ebb0838c68fc25e990a8af7
0;1662755387912;42e;1;1;0;1;1;5;60f07b22c1
0;1662755389181;1c1;0;1;0;0;0;2;80b5
0;1662755393065;2da;;0;1;1;1;1;3f
1;1662755395833;173fd9e0;1;0;0;0;0;13;4d210d6dc5332edf2b65e370ca9f21c9d65a1f63d58f37f64a95c2c70ab0ae68
1;1662755402241;173fd9e0;1;0;1;1;0;11;84e89c7f2b57198f68edeba2cf94be2434ef869f
0;1662755403326;1c1;0;0;0;0;0;6;22d271f42bc9
0;1662755406186;2da;;1;0;0;0;8;e0279f4468a57845
1;1662755414301;d3707e8;;0;1;1;1;13;84025a7c3cf9ff6acb4b337fae180eb8c9f9e3c410decf6e6fb086c29d105354
0;1662755418606;42e;1;1;0;1;1;4;e58b2a2d
1;1662755427481;42e;0;1;0;0;1;10;53ccf7acc95b6a9f2554cc0b014011b5
0;1662755434375;dc;1;1;1;0;0;8;8b05fa10aa837d24
1;1662755435484;10566346;0;1;0;0;1;10;e9c6a73920e878745d24ce0699a375b1
0;1662755438731;415;1;1;0;1;0;6;6754625a2244
0;1662755440246;415;;1;0;0;1;2;ae1a
0;1662755445015;dc;;0;1;0;1;3;6aeb69
1;1662755452708;d3707e8;1;1;1;1;0;13;311437b1a5979141cae11774687d8ffdda4d526f7fd34d479510dd457207e771
1;1662755460078;dc;0;0;0;1;0;9;e88200494845db0edc6993d9
0;1662755466886;2da;1;0;1;0;1;4;27921f5c
0;1662755469497;2da;0;1;1;1;0;7;4a828a15969d58
0;1662755477564;415;1;0;1;1;1;6;2581b88f8da2
1;1662755480390;f7b630e;;0;1;1;0;13;265ee981ea7b30f548d1424966290d59f2582db3a5c0cf6e94dbd5b295e2f58b
1;1662755487444;2da;0;1;1;0;1;15;9396debefa7495b9008d0be970fa866ce7d9086f198893f56e96981a688b1443e99e97f8b8479c5e299ac365f6e072ffe1491e1a22c5a52eb535109d24a43511
0;1662755490427;2da;1;1;0;1;0;8;2656c484278e2bd2
1;1662755496261;42e;1;0;1;0;0;14;7ed56344d92c39becad876a70072dc2f977d5630bc4938a9ad749c07d1d87337d4a15f638bcc1e529a777ea5c266bd55
0;1662755501148;42e;;1;1;1;1;3;50a0ab
0;1662755503698;1c1;0;1;1;1;1;5;989d61ed49
0;1662755506594;dc;0;1;0;1;1;4;41543fd7
1;1662755514518;173fd9e0;0;0;0;1;1;15;0226453f69c9287ff389b946b014213a68d223692cf55971522695eaaada807966725d28e1f02ef87d95c551fb175bccc38e7613db6b6fd5f638de8e6671de12
0;1662755522359;2da;0;1;0;1;0;4;f1ff7b15
0;1662755529233;415;;0;0;1;1;3;0c46b2
1;1662755537163;10566346;0;1;1;0;0;9;33fe873a9571e9f10bcf9760
0;1662755541318;2da;0;1;0;1;0;7;0a145643ab8960
0;1662755547197;415;0;0;0;0;0;3;b1e19b
0;1662755550848;415;1;1;1;0;1;1;b8
1;1662755558775;10566346;1;1;0;1;1;10;909b5b107715241969821770869ca07d
1;1662755563783;415;1;1;1;1;1;11;a0db28a4deb8fbb85f752ea9f29e4607b2fae93a
0;1662755566417;2da;0;1;0;1;0;3;2abcbf
0;1662755572831;2da;0;1;1;1;1;7;51d03aeebef540
0;1662755580169;2da;;1;1;1;0;1;fe
1;1662755583428;d3707e8;0;1;0;0;0;12;7c3fdfe94719ab54cadf74f12dffab1f68bb071170b13246
0;1662755585926;dc;1;1;0;0;0;5;fd68b449e9
0;1662755587302;dc;0;0;0;1;1;4;af501b4b
1;1662755594981;1c1;;0;0;1;0;13;a6b5886ca62eac1c6f3f7e3a9e0752c085a3dd09ac56c5b83c62e60464033c6a
0;1662755597619;42e;;1;0;1;1;7;3621277e7654ae
1;1662755600805;f7b630e;1;0;0;0;1;15;51d749e30eb9972bd13a476500c3673a68158b0bc51105e4acd630ddde9174e7226cf067dd769c5764a378ec29d117c2baa31243d36bfbb7fb7f3cc31882b4d3
1;1662755602072;1c1;0;0;0;1;1;14;0065320a967f043c5f92a971f436d62e8a9302c472563e10662df7b7d166182e799cf2a4360d23aad4b74104d6572273
0;1662755610743;415;1;1;1;1;1;7;aa44e6c955d935
0;1662755619112;1c1;;1;0;0;1;3;381a97
1;1662755626863;1c1;1;1;1;0;0;11;f3656b42289305548043afdee1f2a05de36df54d
0;1662755633123;1c1;0;0;0;0;0;6;e8548ecd86dc
0;1662755637256;42e;;0;1;1;1;7;73a894c95a1105
0;1662755638887;42e;;0;0;0;0;1;9d
0;1662755644740;2da;1;1;0;1;0;3;316e8f
1;1662755649391;f7b630e;0;0;1;1;0;12;d47db742be198d15f20829e2b011ac07fdc9dd14c3a95d3a
1;1662755651317;2da;1;0;0;0;1;9;dc55c679eb3489ae29c71973
0;1662755657251;42e;1;1;0;0;1;4;1d71b6af
1;1662755664608;da46ef2;;1;0;0;0;11;fb7623560274c1349bba8cf54fd18ddcdb3e364e
1;1662755672245;42e;;0;0;1;0;11;ff7d291e6d79a7fd991540b90a398a1bd5270664
1;1662755674985;f7b630e;1;0;0;0;1;10;8518767945c2bc7b3aa6206aac597529
1;1662755676286;415;1;0;1;1;1;13;ee3c2d0c45b2c9e5ac5bfd6e3c91f01e48ce014f82a1233583f39f9586dd2ae6
0;1662755678231;1c1;1;1;1;1;0;3;fdd0af
0;1662755687045;2da;1;1;0;0;0;8;c4d90983d469bf67
0;1662755693687;42e;;1;1;0;0;2;76d4
0;1662755698523;415;0;0;0;0;0;7;81369967d312db
0;1662755702639;2da;;1;1;0;0;4;e3039629
1;1662755706816;2da;1;1;0;0;0;11;78e6a889482e589d62566d542d3ec870815ab408
0;1662755710039;dc;1;1;1;0;1;5;2b77f2a42a
1;1662755718470;1c1;0;1;0;1;1;13;d5c807d9b44058a0d4cf74a2918afeb7a7a7d1c2acca243dd361532b48e8b037
0;1662755720486;42e;1;1;0;0;1;1;6d
0;1662755721975;2da;0;1;0;0;1;7;6b60087266f41f
1;1662755723493;173fd9e0;;0;0;0;1;13;2b79a821c07e90b260ea41434539f297a038e260b3aef47b3e5d40af0659b29e
0;1662755728149;42e;1;1;1;0;0;1;b0
0;1662755733894;1c1;0;1;0;1;1;1;f1
1;1662755735263;173fd9e0;1;1;0;0;1;14;ad0c48a12b7acb7d7f37606310ae729e64ce41c1c7e62c28087d50d458d6e59a1c50c36daf37db2c73c38f68f44c2276
0;1662755740495;1c1;1;0;1;0;0;6;a28564bf8bae
1;1662755748538;f7b630e;;0;1;0;1;10;ea6976c5a0f9518d6817650b30283bcf
0;1662755756285;415;1;0;1;1;1;3;ee63dc
0;1662755764823;dc;0;0;0;0;1;2;9d7d
0;1662755767927;dc;;1;1;1;0;6;878f9aa61ebf
1;1662755771846;da46ef2;;0;0;1;0;11;860ab90e2f8e50872606900d89fb4d5df497bd78
0;1662755778015;1c1;1;1;1;1;1;3;4a5bbd
0;1662755784287;415;;0;0;1;0;4;0a2eaa53
1;1662755793287;1c1;1;0;1;0;1;11;33b7d862b12cfbadd31198f4d7eb4f1fc72f9983
1;1662755799976;1c1;0;1;0;0;1;13;30b4c79502e593d4c57be2847fce32469b55e746ec8494f901bab529438264a2
1;1662755805957;dc;1;0;0;1;1;12;da597bfefe03d58c9e2a9ad1c06369b284e24341f25d4349
1;1662755813983;da46ef2;0;0;0;1;1;14;d2dabe48b41d86d87ab278f8202f928b840c2f89173e856c87d4217f80335b55c9cbe7407ad55689d552c15cec1d0af1
0;1662755817837;42e;;0;0;0;1;6;2a0af8f5b1d5
